Number,Volcano Name,Country,Latitude,Longitude,Elevation (m)
1600-21-,Piparo,Trinidad,10.0,-61.0,140.0
1600-08=,"Diables, Morne aux",Dominica,15.612,-61.43,861.0
1600-09=,"Diablotins, Morne",Dominica,15.503,-61.397,1430.0
1600-11=,"Plat Pays, Morne",Dominica,15.255,-61.341,940.0
1600-10=,"Trois Pitons, Morne",Dominica,15.37,-61.33,1387.0
1600-101,"Watt, Morne",Dominica,15.307,-61.305,1224.0
1600-17=,St. Catherine,Grenada,12.15,-61.67,840.0
1600-06=,Soufriere Guadeloupe,Guadeloupe,16.044,-61.664,1467.0
1600-12=,Pelee,Martinique,14.809,-61.165,1394.0
1600-05=,Soufriere Hills,Montserrat,16.72,-62.18,915.0
1600-16=,Kick 'em Jenny,Netherlands,12.3,-61.64,-185.0
1600-04=,Nevis Peak,Netherlands,17.15,-62.58,985.0
1600-02=,"Quill, The",Netherlands,17.478,-62.96,601.0
1600-01=,Saba,Netherlands,17.63,-63.23,887.0
1600-07=,Unnamed,Netherlands,16.13,-61.28,-7.0
1600-03=,Liamuiga,St. Kitts & Nevis,17.37,-62.8,1156.0
1600-14=,Qualibou,St. Lucia,13.83,-61.05,777.0
1600-15=,Soufriere St. Vincent,St. Vincent & the Grenadines,13.33,-61.18,1220.0
0203-04-,Karisimbi,"Congo, DRC",-1.506,29.45,4490.0
0203-01=,May-ya-moto,"Congo, DRC",-0.93,29.33,950.0
0203-02=,Nyamuragira,"Congo, DRC",-1.408,29.2,3058.0
0203-03=,Nyiragongo,"Congo, DRC",-1.52,29.25,3470.0
0203-08-,Tshibinda,"Congo, DRC",-2.32,28.75,1460.0
0203-05-,Visoke,Rwanda,-1.458,29.485,3696.0
0203-07-,Bufumbira,Uganda,-1.304,29.683,2100.0
0203-004,Bunyaruguru,Uganda,-0.2,30.08,1554.0
0203-001,Fort Portal,Uganda,0.7,30.25,1615.0
0203-005,Katunga,Uganda,-0.471,30.191,1707.0
0203-003,Katwe-Kikorongo,Uganda,-0.08,29.92,1067.0
0203-002,Kyatwa,Uganda,0.45,30.25,1430.0
0203-06-,Muhavura,Uganda,-1.383,29.678,4103.0
0202-03=,"Barrier, The",Kenya,2.32,36.57,1032.0
0202-01=,Central Island,Kenya,3.496,36.04,518.0
0202-13=,Chyulu Hills,Kenya,-2.68,37.88,2188.0
0202-08=,"Eburru, Ol Doinyo",Kenya,-0.65,36.22,2856.0
0202-071,Elmenteita Badlands,Kenya,-0.52,36.27,2126.0
0202-051,Emuruangogolak,Kenya,1.5,36.33,1285.0
0202-07=,Homa Mountain,Kenya,-0.38,34.5,1751.0
0202-054,Korosi,Kenya,0.77,36.12,1446.0
0202-10=,Longonot,Kenya,-0.914,36.446,2776.0
0202-021,Marsabit,Kenya,2.32,37.97,1707.0
0201-33-,Mega Volcanic Field,Kenya,3.971,38.213,1500.0
0202-06=,Menengai,Kenya,-0.2,36.07,2278.0
0202-04-,Namarunu,Kenya,1.98,36.43,817.0
0202-001,North Island,Kenya,4.059,36.049,490.0
0202-056,Nyambeni Hills,Kenya,0.23,37.87,750.0
0202-055,Ol Kokwe,Kenya,0.62,36.075,1130.0
0202-09=,Olkaria,Kenya,-0.904,36.292,2434.0
0202-053,Paka,Kenya,0.92,36.18,1697.0
0202-05-,Segererua Plateau,Kenya,1.57,37.9,699.0
0202-052,Silali,Kenya,1.15,36.23,1528.0
0202-02=,South Island,Kenya,2.63,36.6,800.0
0202-11=,Suswa,Kenya,-1.151,36.357,2356.0
0202-161,Igwisi Hills,Tanzania,-4.889,31.933,1146.0
0202-165,Izumbwe-Mpoli,Tanzania,-8.93,33.4,1568.0
0202-15=,Kilimanjaro,Tanzania,-3.07,37.35,5895.0
0202-17=,Kyejo,Tanzania,-9.229,33.792,2176.0
0202-12=,"Lengai, Ol Doinyo",Tanzania,-2.764,35.914,2962.0
0202-16=,Meru,Tanzania,-3.25,36.75,4565.0
0202-164,Ngozi,Tanzania,-8.989,33.554,2614.0
0202-166,Rungwe,Tanzania,-9.135,33.668,2953.0
0202-163,SW Usangu Basin,Tanzania,-8.75,33.8,2179.0
0202-162,Unnamed,Tanzania,-8.63,33.57,0.0
0205-005,Atakor Volcanic Field,Algeria,23.33,5.83,2918.0
0205-003,In Ezzane Volc Field,Algeria,23.0,10.833,
0205-006,Manzaz Volcanic Field,Algeria,23.92,5.83,1672.0
0205-004,Tahalra Volcanic Field,Algeria,22.67,5.0,1467.0
0205-021,"Koussi, Emi",Chad,19.8,18.53,3415.0
0205-001,Todra Volcanic Field,Chad,17.68,8.5,1780.0
0205-009,"Toh, Tarso",Chad,21.33,16.33,2000.0
0205-01=,"Tousside, Tarso",Chad,21.03,16.45,3265.0
0205-02=,"Voon, Tarso",Chad,20.92,17.28,3100.0
0205-007,Haruj,Libya,27.25,17.5,1200.0
0205-008,Wau-en-Namus,Libya,25.05,17.55,547.0
0205-002,Tin Zaouatene Volcanic Field,Mali,19.83,2.83,700.0
0205-06-,Bayuda Volcanic Field,Sudan,18.33,32.75,670.0
0205-04-,Kutum Volcanic Field,Sudan,14.57,25.85,1779.0
0205-03-,"Marra, Jebel",Sudan,12.95,24.27,3042.0
0205-05-,Meidob Volcanic Field,Sudan,15.32,26.47,2000.0
0205-07-,"Umm Arafieb, Jebel",Sudan,18.17,33.83,0.0
0201-126,Ardoukoba,Djibouti,11.58,42.47,298.0
0201-123,Mousa Alli,Djibouti,12.469,42.404,1993.0
0201-04=,Alid,Eritrea,14.88,39.92,904.0
0201-125,Assab Volcanic Field,Eritrea,12.95,42.43,987.0
0201-10=,Dubbi,Eritrea,13.579,41.809,1625.0
0201-124,Gufa,Eritrea,12.55,42.53,600.0
0201-03=,Jalua,Eritrea,15.042,39.82,713.0
0201-101,Nabro,Eritrea,13.37,41.7,2218.0
0201-17=,Adwa,Ethiopia,10.063,40.831,1670.0
0201-11=,Afdera,Ethiopia,13.088,40.853,1250.0
0201-112,Alayta,Ethiopia,12.888,40.573,1496.0
0201-09=,Ale Bagu,Ethiopia,13.512,40.631,988.0
0201-06=,Alu-Dalafilla,Ethiopia,13.793,40.553,578.0
0201-27-,Alutu,Ethiopia,7.77,38.78,2335.0
0201-104,Asavyo,Ethiopia,13.098,41.599,1338.0
0201-16=,Ayelu,Ethiopia,10.082,40.702,2145.0
0201-191,Beru,Ethiopia,8.95,39.75,1100.0
0201-291,Bilate River Field,Ethiopia,7.07,38.1,1700.0
0201-22-,Bishoftu Volcanic Field,Ethiopia,8.78,38.98,1850.0
0201-071,Bora Ale,Ethiopia,13.725,40.6,668.0
0201-24-,Bora-Bericcio,Ethiopia,8.221,39.05,2267.0
0201-107,Borawli,Ethiopia,13.304,40.987,784.0
0201-121,Borawli Complex,Ethiopia,11.63,41.45,875.0
0201-21-,Boset-Bericha,Ethiopia,8.558,39.475,2447.0
0201-26-,Butajiri-Silti Field,Ethiopia,8.05,38.35,2281.0
0201-30-,Chiracha,Ethiopia,6.65,38.12,1636.0
0201-29-,Corbetti Caldera,Ethiopia,7.193,38.39,2320.0
0201-113,Dabbahu,Ethiopia,12.595,40.48,1401.0
0201-114,Dabbayra,Ethiopia,12.38,40.07,1302.0
0201-07=,Dalaffilla,Ethiopia,13.792,40.55,613.0
0201-041,Dallol,Ethiopia,14.242,40.3,-48.0
0201-141,Dama Ali,Ethiopia,11.28,41.63,1068.0
0201-18=,Dofan,Ethiopia,9.35,40.13,1151.0
0201-311,East Chamo Basin,Ethiopia,5.708,37.713,1150.0
0201-252,East Zway,Ethiopia,7.874,38.902,1889.0
0201-08=,Erta Ale,Ethiopia,13.6,40.67,613.0
0201-19=,Fentale,Ethiopia,8.975,39.93,2007.0
0201-15=,Gabillema,Ethiopia,11.08,41.27,1459.0
0201-05=,Gada Ale,Ethiopia,13.975,40.408,287.0
0201-23-,Gedamsa,Ethiopia,8.357,39.188,1873.0
0201-116,Groppo,Ethiopia,11.816,40.242,852.0
0201-091,Hayli Gubbi,Ethiopia,13.51,40.722,493.0
0201-171,Hertali,Ethiopia,9.78,40.33,900.0
0201-293,Hobicha Caldera,Ethiopia,6.78,37.83,1800.0
0201-20-,Kone,Ethiopia,8.788,39.701,1380.0
0201-32-,Korath Range,Ethiopia,5.1,35.88,912.0
0201-12=,Kurub,Ethiopia,11.88,41.208,625.0
0201-172,Liado Hayk,Ethiopia,9.57,40.28,878.0
0201-111,Ma Alalta,Ethiopia,13.013,40.185,1745.0
0201-102,Mallahle,Ethiopia,13.27,41.65,1875.0
0201-115,Manda Hararo,Ethiopia,12.17,40.82,600.0
0201-122,Manda-Inakir,Ethiopia,12.38,42.2,600.0
0201-105,Mat Ala,Ethiopia,13.106,41.161,493.0
0201-28-,O'a Caldera,Ethiopia,7.47,38.58,2075.0
0201-222,Sodore,Ethiopia,8.43,39.35,1765.0
0201-103,Sork Ale,Ethiopia,13.18,41.725,1611.0
0201-106,Tat Ali,Ethiopia,13.284,41.063,655.0
0201-292,Tepi,Ethiopia,7.42,35.43,2728.0
0201-31-,Tosa Sucha,Ethiopia,5.92,37.57,1650.0
0201-25-,Tullu Moye,Ethiopia,8.159,39.137,2343.0
0201-221,Unnamed,Ethiopia,8.62,38.95,1800.0
0201-201,Unnamed,Ethiopia,8.7,39.63,1300.0
0201-251,Unnamed,Ethiopia,8.013,39.062,1886.0
0201-151,Yangudi,Ethiopia,10.58,41.042,1383.0
0204-01=,Cameroon,Cameroon,4.203,9.17,4095.0
0204-02-,Manengouba,Cameroon,5.03,9.83,2411.0
0204-04-,Ngaoundere Plateau,Cameroon,7.25,13.67,0.0
0204-03-,Oku Volcanic Field,Cameroon,6.25,10.5,3011.0
0204-011,Tombel Graben,Cameroon,4.758,9.717,500.0
0204-002,San Carlos,Equatorial Guinea,3.35,8.52,2260.0
0204-003,San Joaquin,Equatorial Guinea,3.35,8.63,2009.0
0204-004,Santa Isabel,Equatorial Guinea,3.588,8.762,2999.0
0204-05-,Biu Plateau,Nigeria,10.75,12.0,0.0
0204-001,Sao Tome,Sao Tome & Principe,0.32,6.72,2024.0
0201-120,Manda Gargori,Ethiopia,11.75,41.48,700.0
0201-022,Hanish,Yemen,13.72,42.73,422.0
0201-01=,"Tair, Jebel at",Yemen,15.55,41.83,244.0
0201-02=,Zubair Group,Yemen,15.05,42.18,191.0
0201-021,Zukur,Yemen,14.02,42.75,624.0
1102-09-,Aniakchak,United States,56.88,-158.17,1341.0
1102-08-,Black Peak,United States,56.552,-158.785,1032.0
1102-11-,Chiginagak,United States,57.135,-156.99,2221.0
1102-05-,Dana,United States,55.641,-161.214,1354.0
1102-21-,Denison,United States,58.418,-154.449,2287.0
1102-27-,Douglas,United States,58.855,-153.542,2140.0
1102-011,Dutton,United States,55.183,-162.276,1465.0
1102-02-,Emmons Lake,United States,55.341,-162.073,1436.0
1102-26-,Fourpeaked,United States,58.77,-153.672,2105.0
1102-01-,Frosty,United States,55.067,-162.835,1728.0
1102-19-,Griggs,United States,58.354,-155.092,2317.0
1102-25-,Kaguyak,United States,58.608,-154.028,901.0
1102-17-,Katmai,United States,58.28,-154.963,2047.0
1102-12-,Kialagvik,United States,57.203,-156.745,1677.0
1102-23-,Kukak,United States,58.453,-154.355,2043.0
1102-06-,Kupreanof,United States,56.011,-159.797,1895.0
1102-15-,Mageik,United States,58.195,-155.253,2165.0
1102-14-,Martin,United States,58.172,-155.361,1863.0
1102-18-,Novarupta,United States,58.27,-155.157,841.0
1102-03-,Pavlof,United States,55.417,-161.894,2493.0
1102-04-,Pavlof Sister,United States,55.457,-161.854,2142.0
1102-20-,Snowy Mountain,United States,58.336,-154.682,2162.0
1102-22-,Steller,United States,58.43,-154.4,2272.0
1102-051,Stepovak Bay 2,United States,55.913,-160.041,1323.0
1102-052,Stepovak Bay 3,United States,55.929,-160.002,1555.0
1102-053,Stepovak Bay 4,United States,55.954,-159.954,1557.0
1102-16-,Trident,United States,58.236,-155.1,1864.0
1102-13-,Ugashik-Peulik,United States,57.751,-156.368,1474.0
1102-131,Ukinrek Maars,United States,57.832,-156.51,91.0
1102-132,Unnamed,United States,57.87,-155.411,402.0
1102-07-,Veniaminof,United States,56.17,-159.38,2507.0
1102-10-,Yantarni,United States,57.019,-157.185,1345.0
1105-001,Buzzard Creek,United States,64.062,-148.433,830.0
1105-03-,Churchill,United States,61.38,-141.75,5005.0
1105-021,Gordon,United States,62.13,-143.08,2755.0
1105-01-,Sanford,United States,62.22,-144.13,4949.0
1105-02-,Wrangell,United States,62.006,-144.017,4278.0
1105-07-,Behm Canal-Rudyerd Bay,United States,55.32,-131.05,500.0
1105-05-,Duncan Canal,United States,56.5,-133.1,15.0
1105-04-,Edgecumbe,United States,57.05,-135.75,970.0
1105-06-,Tlevak Strait-Suemez Is.,United States,55.25,-133.3,50.0
1103-01-,Augustine,United States,59.363,-153.43,1252.0
1103-05-,Hayes,United States,61.64,-152.411,3034.0
1103-02-,Iliamna,United States,60.032,-153.09,3053.0
1103-03-,Redoubt,United States,60.485,-152.742,3108.0
1103-04-,Spurr,United States,61.299,-152.251,3374.0
1104-01-,Espenberg,United States,66.35,-164.33,243.0
1104-06-,Imuruk Lake,United States,65.517,-163.45,610.0
1104-02-,Imuruk Lake,United States,65.6,-163.92,610.0
1104-05-,Ingakslugwat Hills,United States,61.43,-164.47,190.0
1104-03-,Kookooligit Mountains,United States,63.6,-170.43,673.0
1104-04-,St. Michael,United States,63.45,-162.12,715.0
1101-32-,Akutan,United States,54.134,-165.986,1303.0
1101-39-,Amak,United States,55.424,-163.149,488.0
1101-19-,Amukta,United States,52.5,-171.252,1066.0
1101-16-,Atka,United States,52.331,-174.139,1448.0
1101-10-,Bobrof,United States,51.91,-177.438,738.0
1101-30-,Bogoslof,United States,53.93,-168.03,150.0
1101-01-,Buldir,United States,52.35,175.911,656.0
1101-23-,Carlisle,United States,52.894,-170.054,1620.0
1101-20-,Chagulak,United States,52.577,-171.13,1142.0
1101-24-,Cleveland,United States,52.825,-169.944,1730.0
1101-04-,Davidof,United States,51.97,178.33,328.0
1101-35-,Fisher,United States,54.65,-164.43,1112.0
1101-07-,Gareloi,United States,51.79,-178.794,1573.0
1101-12-,Great Sitkin,United States,52.076,-176.13,1740.0
1101-22-,Herbert,United States,52.742,-170.111,1280.0
1101-37-,Isanotski,United States,54.765,-163.723,2446.0
1101-26-,Kagamil,United States,52.974,-169.72,893.0
1101-11-,Kanaga,United States,51.923,-177.168,1307.0
1101-13-,Kasatochi,United States,52.177,-175.508,314.0
1101-02-,Kiska,United States,52.103,177.602,1220.0
1101-14-,Koniuji,United States,52.22,-175.13,273.0
1101-05-,Little Sitkin,United States,51.95,178.543,1174.0
1101-31-,Makushin,United States,53.891,-166.923,1800.0
1101-111,Moffett,United States,51.944,-176.747,1196.0
1101-29-,Okmok,United States,53.43,-168.13,1073.0
1101-28-,Recheschnoi,United States,53.157,-168.539,1984.0
1101-38-,Roundtop,United States,54.8,-163.589,1871.0
1101-18-,Seguam,United States,52.315,-172.51,1054.0
1101-03-,Segula,United States,52.015,178.136,1160.0
1101-06-,Semisopochnoi,United States,51.93,179.58,1221.0
1101-15-,Sergief,United States,52.03,-174.93,560.0
1101-36-,Shishaldin,United States,54.756,-163.97,2857.0
1101-09-,Takawangha,United States,51.873,-178.006,1449.0
1101-241,Tana,United States,52.83,-169.77,1170.0
1101-08-,Tanaga,United States,51.885,-178.146,1806.0
1101-25-,Uliaga,United States,53.065,-169.77,888.0
1101-17-,Unnamed,United States,52.0,-173.5,0.0
1101-27-,Vsevidof,United States,53.13,-168.693,2149.0
1101-34-,Westdahl,United States,54.516,-164.65,1563.0
1101-21-,Yunaska,United States,52.643,-170.629,550.0
1900-023,Andrus,Antarctica,-75.8,-132.33,2978.0
1900-022,Berlin,Antarctica,-76.05,-136.0,3478.0
1900-04=,Bridgeman Island,Antarctica,-62.061,-56.717,240.0
1900-08=,Bristol Island,Antarctica,-59.017,-26.533,1100.0
1900-01=,Buckle Island,Antarctica,-66.78,163.25,1239.0
1900-10=,Candlemas Island,Antarctica,-57.08,-26.67,550.0
1900-03=,Deception Island,Antarctica,-63.001,-60.652,602.0
1900-02=,Erebus,Antarctica,-77.53,167.17,3794.0
1900-11=,Hodson,Antarctica,-56.712,-27.176,835.0
1900-028,Hudson Mountains,Antarctica,-74.33,-99.42,749.0
1900-12=,Leskov Island,Antarctica,-56.656,-28.14,190.0
1900-06=,Lindenberg Island,Antarctica,-65.03,-60.05,368.0
1900-015,Melbourne,Antarctica,-74.35,164.7,2732.0
1900-081,Montagu Island,Antarctica,-58.445,-26.374,1370.0
1900-020,Morning,Antarctica,-78.5,163.53,2723.0
1900-041,Paulet,Antarctica,-63.579,-55.78,353.0
1900-031,Penguin Island,Antarctica,-62.1,-57.93,180.0
1900-029,Peter I Island,Antarctica,-68.85,-90.58,1640.0
1900-013,"Pleiades, The",Antarctica,-72.67,165.5,3040.0
1900-14-,Protector Seamounts,Antarctica,-55.912,-28.167,-55.0
1900-021,Royal Society Range,Antarctica,-78.25,163.33,3000.0
1900-09=,Saunders,Antarctica,-57.8,-26.483,843.0
1900-05=,Seal Nunataks Group,Antarctica,-65.03,-60.05,368.0
1900-025,Siple,Antarctica,-73.43,-126.67,3110.0
1900-07=,Southern Thule,Antarctica,-59.442,-27.225,1075.0
1900-012,Sturge Island,Antarctica,-67.4,164.83,1167.0
1900-027,Takahe,Antarctica,-76.28,-112.08,3460.0
1900-026,Toney Mountain,Antarctica,-75.8,-115.83,3595.0
1900-014,Unnamed,Antarctica,-73.45,164.58,2987.0
1900-016,Unnamed,Antarctica,-76.83,163.0,-500.0
1900-024,Waesche,Antarctica,-77.17,-126.88,3292.0
1900-011,Young Island,Antarctica,-66.42,162.47,1340.0
1900-13=,Zavodovski,Antarctica,-56.3,-27.57,551.0
1805-03=,Romanche Fracture Zone,Atlantic Ocean,-0.433,-19.596,-1528.0
1805-01=,Unnamed,Atlantic Ocean,7.0,-21.83,-1415.0
1805-04=,Unnamed,Atlantic Ocean,-3.5,-24.5,-5300.0
1805-02=,Unnamed,Atlantic Ocean,4.2,-21.45,-2900.0
1801-04=,Pico Fracture Zone,Atlantic Ocean,38.75,-38.08,-4200.0
1801-03=,Unnamed,Atlantic Ocean,39.95,-25.83,-2835.0
1801-01=,Unnamed,Atlantic Ocean,66.0,-27.75,-108.0
1801-02=,Unnamed,Atlantic Ocean,49.0,-34.5,-1650.0
1805-05-,Ascension,Atlantic Ocean,-7.95,-14.37,858.0
1806-03-,Thompson Island,Atlantic Ocean,-53.93,5.5,0.0
1805-051,Trindade,Atlantic Ocean,-20.514,-29.331,600.0
1806-01=,Tristan da Cunha,Atlantic Ocean,-37.092,-12.28,2060.0
1806-02-,Bouvet,Bouvet I.,-54.408,3.351,741.0
1806-011,Nightingale Island,United Kingdom,-37.42,-12.48,365.0
1802-09=,Agua de Pau,Portugal,37.77,-25.47,947.0
1802-002,Corvo,Portugal,39.699,-31.111,718.0
1802-07=,Don Joao de Castro Bank,Portugal,38.23,-26.63,-13.0
1802-01=,Fayal,Portugal,38.6,-28.73,1043.0
1802-001,Flores,Portugal,39.462,-31.216,914.0
1802-10=,Furnas,Portugal,37.77,-25.32,805.0
1802-04=,Graciosa,Portugal,39.02,-27.97,402.0
1802-12-,Madeira,Portugal,32.73,-16.97,1862.0
1802-11=,Monaco Bank,Portugal,37.6,-25.88,-197.0
1802-02=,Pico,Portugal,38.47,-28.4,2351.0
1802-081,Picos Volcanic System,Portugal,37.78,-25.67,350.0
1802-03=,San Jorge,Portugal,38.65,-28.08,1053.0
1802-08=,Sete Cidades,Portugal,37.87,-25.78,856.0
1802-05=,Terceira,Portugal,38.73,-27.32,1023.0
1803-05-,Fuerteventura,Spain,28.358,-14.02,529.0
1803-04-,Gran Canaria,Spain,28.0,-15.58,1950.0
1803-02-,Hierro,Spain,27.73,-18.03,1500.0
1803-01-,La Palma,Spain,28.57,-17.83,2426.0
1803-06-,Lanzarote,Spain,29.03,-13.63,670.0
1803-03-,Tenerife,Spain,28.271,-16.641,3715.0
1804-02-,Brava,Cape Verde,14.85,-24.72,900.0
1804-01=,Fogo,Cape Verde,14.95,-24.35,2829.0
1804-03-,Santo Antao,Cape Verde,17.07,-25.17,1979.0
1200-02-,Alligator Lake,Canada,60.42,-135.42,2217.0
1200-03-,Atlin Volcanic Field,Canada,59.68,-133.32,1880.0
1200-17-,Bridge River Cones,Canada,50.8,-123.4,2500.0
1200-11-,Crow Lagoon,Canada,54.7,-130.23,335.0
1200-06-,Edziza,Canada,57.72,-130.63,2786.0
1200-01-,Fort Selkirk,Canada,62.93,-137.38,1239.0
1200-20-,Garibaldi,Canada,49.85,-123.0,2678.0
1200-19-,Garibaldi Lake,Canada,49.933,-123.0,2316.0
1200-04-,Heart Peaks,Canada,58.6,-131.97,2012.0
1200-08-,Hoodoo Mountain,Canada,56.78,-131.28,1850.0
1200-09-,Iskut-Unuk River Cones,Canada,56.58,-130.55,1880.0
1200-05-,Level Mountain,Canada,58.42,-131.35,2190.0
1200-18-,Meager,Canada,50.63,-123.5,2680.0
1200-12-,Milbanke Sound Group,Canada,52.5,-128.73,335.0
1200-14-,Nazko,Canada,52.928,-123.732,1238.0
1200-13-,Satah Mountain,Canada,52.47,-124.7,1921.0
1200-16-,Silverthrone,Canada,51.43,-126.3,3160.0
1200-07-,Spectrum Range,Canada,57.43,-130.68,2430.0
1200-10-,Tseax River Cone,Canada,55.12,-128.9,609.0
1200-031,Tuya Volcanic Field,Canada,59.37,-130.58,2123.0
1200-15-,Wells Gray-Clearwater,Canada,52.33,-120.57,2576.0
1209-02-,San Francisco Volcanic Field,United States,35.347,-111.678,3850.0
1209-01-,Uinkaret Field,United States,36.38,-113.13,1555.0
1203-04-,Big Cave,United States,40.955,-121.365,1259.0
1203-03-,Brushy Butte,United States,41.178,-121.443,1174.0
1203-10-,Clear Lake,United States,38.97,-122.77,1439.0
1203-18-,Coso Volc Field,United States,36.03,-117.82,2400.0
1203-09-,Eagle Lake Field,United States,40.63,-120.83,1652.0
1203-17-,Golden Trout Creek,United States,36.358,-118.32,2886.0
1203-13-,Inyo Craters,United States,37.692,-119.02,2629.0
1203-08-,Lassen Volcanic Center,United States,40.492,-121.508,3187.0
1203-19-,Lavic Lake,United States,34.75,-116.625,1495.0
1203-15-,Mammoth Mountain,United States,37.631,-119.032,3369.0
1203-02-,Medicine Lake,United States,41.611,-121.554,2412.0
1203-11-,Mono Lake Volcanic Field,United States,38.0,-119.03,2121.0
1203-12-,Mono-Inyo Craters,United States,37.804,-119.029,2796.0
1203-20-,Salton Buttes,United States,33.197,-115.616,-40.0
1203-01-,Shasta,United States,41.409,-122.193,4317.0
1203-06-,Tumble Buttes,United States,40.68,-121.55,2191.0
1203-05-,Twin Buttes,United States,40.78,-121.6,1631.0
1203-16-,Ubehebe Craters,United States,37.02,-117.45,752.0
1208-01-,Dotsero,United States,39.661,-107.035,2230.0
1204-01-,Black Butte Crater Lava Field,United States,43.183,-114.352,1478.0
1204-02-,Craters of the Moon,United States,43.42,-113.5,2005.0
1204-04-,Hell's Half Acre,United States,43.5,-112.45,1631.0
1204-03-,Wapi Lava Field,United States,42.88,-113.22,1604.0
1206-01-,Soda Lakes,United States,39.53,-118.87,1251.0
1210-01-,Carrizozo,United States,33.78,-105.93,1731.0
1210-02-,Zuni-Bandera,United States,34.8,-108.0,2550.0
1202-09-,Bachelor,United States,43.979,-121.688,2763.0
1202-06-,Belknap,United States,44.285,-121.841,2095.0
1202-03-,Blue Lake Crater,United States,44.411,-121.774,1230.0
1202-15-,Cinnamon Butte,United States,43.241,-122.108,1956.0
1202-16-,Crater Lake,United States,42.93,-122.12,2487.0
1202-10-,Davis Lake,United States,43.57,-121.82,2163.0
1202-12-,Devils Garden,United States,43.512,-120.861,1698.0
1202-17-,Diamond Craters,United States,43.1,-118.75,1435.0
1202-14-,Four Craters Lava Field,United States,43.361,-120.669,1501.0
1202-01-,Hood,United States,45.374,-121.695,3426.0
1202-02-,Jefferson,United States,44.674,-121.8,3199.0
1202-19-,Jordan Craters,United States,43.147,-117.46,1473.0
1202-11-,Newberry,United States,43.722,-121.229,2434.0
1202-04-,Sand Mountain Field,United States,44.38,-121.93,1664.0
1202-08-,South Sister,United States,44.1,-121.77,3157.0
1202-13-,Squaw Ridge Field,United States,43.472,-120.754,1711.0
1202-07-,Three Sisters,United States,44.133,-121.767,3159.0
1207-03-,Bald Knoll,United States,37.328,-112.408,2135.0
1207-05-,Black Rock Desert,United States,38.97,-112.5,1800.0
1207-04-,Markagunt Plateau,United States,37.58,-112.67,2840.0
1207-01-,Santa Clara,United States,37.257,-113.625,1465.0
1201-04-,Adams,United States,46.206,-121.49,3742.0
1201-01=,Baker,United States,48.777,-121.813,3285.0
1201-02-,Glacier Peak,United States,48.112,-121.113,3213.0
1201-07-,Indian Heaven,United States,45.93,-121.82,1806.0
1201-03-,Rainier,United States,46.853,-121.76,4392.0
1201-05-,St. Helens,United States,46.2,-122.18,2549.0
1201-06-,West Crater,United States,45.88,-122.08,1329.0
1205-01-,Yellowstone,United States,44.43,-110.67,2805.0
1303-08-,Macdonald,Antarctica,-28.98,-140.25,-39.0
1302-06-,Haleakala,United States,20.708,-156.25,3055.0
1302-04-,Hualalai,United States,19.692,-155.87,2523.0
1302-01-,Kilauea,United States,19.421,-155.287,1222.0
1302-00-,Loihi,United States,18.92,-155.27,-975.0
1302-03-,Mauna Kea,United States,19.82,-155.47,4205.0
1302-02=,Mauna Loa,United States,19.475,-155.608,4170.0
1302-09-,Unnamed,United States,23.58,-163.83,-4000.0
1302-08-,Unnamed,United States,21.75,-158.75,-3000.0
1303-02-,Galapagos Rift,Pacific Ocean,0.792,-86.15,-2430.0
1304-07-,Galapagos Rift,Pacific Ocean,0.792,-86.15,-2430.0
1304-04-,Northern EPR at 10.7°N,Pacific Ocean,10.73,-103.58,-2900.0
1304-021,Northern EPR at 16°N,Pacific Ocean,15.83,-105.43,-2300.0
1304-05-,Northern EPR at 9.8°N,Pacific Ocean,9.83,-104.3,-2500.0
1304-10-,Southern EPR at 8°S,Pacific Ocean,-8.27,-107.95,-2800.0
1304-14-,Southern EPR-Segment I,Pacific Ocean,-18.53,-113.42,-2600.0
1304-13-,Southern EPR-Segment J,Pacific Ocean,-18.175,-113.35,-2650.0
1304-12-,Southern EPR-Segment K,Pacific Ocean,-17.436,-113.206,-2566.0
1303-01-,Unnamed,Pacific Ocean,9.82,-104.3,-2500.0
1301-021,Axial Seamount,Pacific Ocean,45.95,-130.0,-1410.0
1301-02-,Cleft Segment,Pacific Ocean,44.83,-130.3,-2140.0
1301-011,Cobb Segment,Pacific Ocean,46.88,-129.33,-2100.0
1301-01-,Endeavour Segment,Pacific Ocean,47.95,-129.1,-2050.0
1301-04-,Escanaba Segment,Pacific Ocean,40.98,-127.5,-1700.0
1301-031,North Gorda Ridge Segment,Pacific Ocean,42.67,-126.78,-3000.0
1301-03-,Unnamed,Pacific Ocean,31.75,-124.25,-2533.0
1301-05-,Unnamed,Pacific Ocean,31.75,-124.25,-2533.0
1305-01-,Antipodes Island,New Zealand,-49.683,178.767,402.0
1305-02-,Hollister Ridge,Pacific Ocean,-53.998,-139.845,-1000.0
1305-03-,Udintsev Transform,Pacific Ocean,-56.153,-143.373,-5700.0
1304-02-,Unnamed,Pacific Ocean,-53.9,-140.3,-1000.0
1303-06-,Mehetia,France,-17.874,-148.068,389.0
1303-05-,Moua Pihaa,France,-18.325,-148.525,-312.0
1303-04-,Rocard,France,-17.662,-148.586,-2515.0
1303-03-,Teahitia,France,-17.564,-148.821,-1743.0
1707-02-,East Gakkel Ridge at 85°E,Arctic Ocean,85.608,85.25,-3800.0
1707-01-,Unnamed,Arctic Ocean,88.27,-65.6,-1500.0
1706-01=,Jan Mayen,Jan Mayen,71.082,-8.155,2197.0
1703-09=,Theistareykir,Iceland,65.833,-17.166,540.0
1703-15-,Manareyjar,Iceland,66.3,-17.1,0.0
1705-01=,Kolbeinsey Ridge,Iceland,66.67,-18.5,5.0
1703-10=,Tjornes Fracture Zone,Iceland,66.309,-17.118,-75.0
1703-06=,Askja,Iceland,65.033,-16.783,1080.0
1703-03=,Bardarbunga,Iceland,64.633,-17.516,2000.0
1703-07=,Fremrinamar,Iceland,65.416,-16.666,970.0
1703-01=,Grimsvotn,Iceland,64.416,-17.316,1719.0
1703-08=,Krafla,Iceland,65.715,-16.728,800.0
1703-05=,Kverkfjoll,Iceland,64.653,-16.647,1930.0
1702-15-,Lakagigar,Iceland,64.42,-17.33,1725.0
1702-18-,Trollagigar,Iceland,64.43,-18.13,1000.0
1703-04=,Tungnafellsjokull,Iceland,64.75,-17.916,1523.0
1702-02=,Eyjafjallajokull,Iceland,63.633,-19.633,1651.0
1702-07=,Hekla,Iceland,63.983,-19.666,1490.0
1701-051,Hromundartindur,Iceland,64.083,-21.333,550.0
1702-03=,Katla,Iceland,63.633,-19.083,1490.0
1702-09-,Krakagiger,Iceland,63.98,-19.7,1491.0
1702-10-,Lambafit,Iceland,64.08,-19.4,550.0
1702-08-,Mundafell,Iceland,63.98,-19.7,1491.0
1702-19-,Thordarhyrna,Iceland,62.27,-17.6,1659.0
1702-04=,Tindfjallajokull,Iceland,63.783,-19.716,1464.0
1702-05=,Torfajokull,Iceland,63.892,-19.122,1280.0
1702-01=,Vestmannaeyjar,Iceland,63.416,-20.266,283.0
1704-02=,Esjufjoll,Iceland,64.25,-16.583,1620.0
1704-01=,Oraefajokull,Iceland,64.05,-16.633,2010.0
1701-04=,Brennisteinsfjoll,Iceland,63.933,-21.783,610.0
1701-06=,Grimsnes,Iceland,64.05,-20.883,200.0
1701-05=,Hengill,Iceland,64.083,-21.416,803.0
1701-09=,Hofsjokull,Iceland,64.833,-18.766,1765.0
1701-17-,Kristnitokugigar,Iceland,63.98,-21.42,301.0
1701-03=,Krysuvik,Iceland,63.883,-22.083,360.0
1701-08=,Langjokull,Iceland,64.85,-19.7,1100.0
1701-07=,Prestahnukur,Iceland,64.583,-20.666,1385.0
1701-02=,Reykjanes,Iceland,63.85,-22.566,140.0
1701-01=,Reykjaneshryggur,Iceland,63.67,-23.33,80.0
1700-02=,Helgrindur,Iceland,64.866,-23.283,986.0
1700-03=,Ljosufjoll,Iceland,64.9,-22.483,1063.0
1700-01=,Snaefellsjokull,Iceland,64.8,-23.783,1446.0
0600-01=,Barren Island,India,12.278,93.858,354.0
0600-001,Narcondum,India,13.43,94.28,710.0
0605-04=,Wurlali,Indonesia,-7.125,128.675,868.0
0605-09=,Banda Api,Pacific Ocean,-4.523,129.881,596.0
0605-01=,Emperor of China,Pacific Ocean,-6.62,124.22,-2850.0
0605-03=,Gunungapi Wetar,Pacific Ocean,-6.642,126.65,282.0
0605-08=,Manuk,Pacific Ocean,-5.543,130.303,257.0
0605-02=,Nieuwerkerk,Pacific Ocean,-6.6,124.675,-2285.0
0605-06=,Nila,Pacific Ocean,-6.73,129.5,781.0
0605-07=,Serua,Pacific Ocean,-6.312,130.017,608.0
0605-05=,Teon,Pacific Ocean,-6.976,129.144,728.0
0610-01-,Bombalai,Malaysia,4.4,117.88,531.0
0608-072,Amasing,Indonesia,-0.53,127.48,1030.0
0608-073,Bibinoi,Indonesia,-0.761,127.725,932.0
0608-01=,Dukono,Indonesia,1.693,127.894,1229.0
0608-06=,Gamalama,Indonesia,0.8,127.33,1715.0
0608-04=,Gamkonora,Indonesia,1.38,127.53,1635.0
0608-052,Hiri,Indonesia,0.9,127.32,630.0
0608-03=,Ibu,Indonesia,1.488,127.63,1325.0
0608-051,Jailolo,Indonesia,1.08,127.439,993.0
0608-07=,Makian,Indonesia,0.32,127.4,1357.0
0608-062,Mare,Indonesia,0.57,127.4,308.0
0608-063,Moti,Indonesia,0.454,127.411,927.0
0608-001,Tarakan,Indonesia,1.83,127.83,318.0
0608-061,Tidore,Indonesia,0.658,127.4,1730.0
0608-071,Tigalalu,Indonesia,0.07,127.42,422.0
0608-02-,Tobaru,Indonesia,1.63,127.67,1035.0
0608-05=,Todoko-Ranu,Indonesia,1.25,127.47,979.0
0602-00=,Krakatau,Indonesia,-6.102,105.423,155.0
0603-29=,Arjuno-Welirang,Indonesia,-7.733,112.575,3339.0
0603-351,Baluran,Indonesia,-7.85,114.37,1247.0
0603-17=,Cereme,Indonesia,-6.895,108.408,3039.0
0603-20=,Dieng Volcanic Complex,Indonesia,-7.2,109.879,2565.0
0603-14=,Galunggung,Indonesia,-7.25,108.058,2168.0
0603-06=,Gede-Pangrango,Indonesia,-6.77,106.965,3008.0
0603-13=,Guntur,Indonesia,-7.143,107.84,2249.0
0603-35=,Ijen,Indonesia,-8.058,114.242,2769.0
0603-33=,Iyang-Argapura,Indonesia,-7.97,113.57,3088.0
0603-16=,"Karaha, Kawah",Indonesia,-7.12,108.08,1155.0
0603-02=,Karang,Indonesia,-6.268,106.05,1768.0
0603-281,Kawi-Butak,Indonesia,-7.92,112.45,2651.0
0603-28=,Kelut,Indonesia,-7.93,112.308,1731.0
0603-11=,Kendang,Indonesia,-7.245,107.709,2594.0
0603-03=,Kiaraberes-Gagak,Indonesia,-6.73,106.65,1511.0
0603-32=,Lamongan,Indonesia,-7.981,113.341,1641.0
0603-26=,Lawu,Indonesia,-7.625,111.192,3265.0
0603-321,Lurus,Indonesia,-7.7,113.58,539.0
0603-081,Malabar,Indonesia,-7.13,107.65,2343.0
0603-292,Malang Plain,Indonesia,-8.02,112.68,680.0
0603-25=,Merapi,Indonesia,-7.54,110.446,2910.0
0603-24=,Merbabu,Indonesia,-7.454,110.44,3118.0
0603-251,Muria,Indonesia,-6.62,110.88,1625.0
0603-10=,Papandayan,Indonesia,-7.32,107.73,2665.0
0603-07=,Patuha,Indonesia,-7.162,107.4,2422.0
0603-291,Penanggungan,Indonesia,-7.616,112.62,1631.0
0603-04=,Perbakti-Gagak,Indonesia,-6.75,106.7,1699.0
0603-01=,Pulosari,Indonesia,-6.343,105.978,1324.0
0603-34=,Raung,Indonesia,-8.119,114.056,3260.0
0603-05=,Salak,Indonesia,-6.72,106.73,2211.0
0603-30=,Semeru,Indonesia,-8.108,112.922,3657.0
0603-18=,Slamet,Indonesia,-7.242,109.208,3428.0
0603-22=,Sumbing,Indonesia,-7.384,110.07,3371.0
0603-21=,Sundoro,Indonesia,-7.3,109.992,3136.0
0603-15=,Talagabodas,Indonesia,-7.208,108.07,2201.0
0603-131,Tampomas,Indonesia,-6.77,107.95,1684.0
0603-09=,Tangkuban Parahu,Indonesia,-6.77,107.6,2084.0
0603-231,Telomoyo,Indonesia,-7.362,110.4,1864.0
0603-31=,Tengger Caldera,Indonesia,-7.942,112.95,2329.0
0603-23=,Ungaran,Indonesia,-7.18,110.33,2050.0
0603-08=,Wayang-Windu,Indonesia,-7.208,107.63,2182.0
0603-27=,Wilis,Indonesia,-7.808,111.758,2563.0
0604-02=,Agung,Indonesia,-8.343,115.508,2997.0
0604-01=,Batur,Indonesia,-8.242,115.375,1717.0
0604-001,Buyan-Bratan,Indonesia,-8.283,115.133,2244.0
0604-10=,Ebulobo,Indonesia,-8.817,121.191,2096.0
0604-16=,Egon,Indonesia,-8.676,122.455,1661.0
0604-22=,Iliboleng,Indonesia,-8.342,123.258,1659.0
0604-24=,Ililabalekan,Indonesia,-8.55,123.38,1018.0
0604-17=,Ilimuda,Indonesia,-8.479,122.761,881.0
0604-25=,Iliwerung,Indonesia,-8.53,123.57,1018.0
0604-09=,Inielika,Indonesia,-8.73,120.98,1559.0
0604-08=,Inierie,Indonesia,-8.875,120.95,2245.0
0604-11=,Iya,Indonesia,-8.891,121.641,618.0
0604-14=,Kelimutu,Indonesia,-8.77,121.82,1639.0
0604-20=,Leroboleng,Indonesia,-8.365,122.833,1095.0
0604-18=,Lewotobi,Indonesia,-8.542,122.775,1703.0
0604-19=,Lewotobi Perempuan,Indonesia,-8.575,122.78,1703.0
0604-23=,Lewotolo,Indonesia,-8.274,123.508,1431.0
0604-13=,Ndete Napu,Indonesia,-8.72,121.78,750.0
0604-15=,Paluweh,Indonesia,-8.32,121.708,875.0
0604-07=,Poco Leok,Indonesia,-8.68,120.48,1675.0
0604-071,Ranakah,Indonesia,-8.62,120.52,2350.0
0604-03=,Rinjani,Indonesia,-8.42,116.47,3726.0
0604-05=,Sangeang Api,Indonesia,-8.2,119.07,1912.0
0604-06=,"Sano, Wai",Indonesia,-8.724,119.986,1319.0
0604-27=,Sirung,Indonesia,-8.508,124.13,862.0
0604-12=,Sukaria Caldera,Indonesia,-8.792,121.77,1500.0
0604-04=,Tambora,Indonesia,-8.25,118.0,2850.0
0604-26=,"Tara, Batu",Indonesia,-7.791,123.585,633.0
0604-28=,Yersey,Indonesia,-7.53,123.95,-3800.0
0607-04=,Awu,Indonesia,3.689,125.447,1318.0
0607-03=,Banua Wuhu,Indonesia,3.138,125.491,-5.0
0607-02=,Karangetang,Indonesia,2.781,125.407,1797.0
0607-01=,Ruang,Indonesia,2.3,125.37,725.0
0607-05=,Unnamed,Indonesia,3.97,124.17,-5000.0
0606-02=,Ambang,Indonesia,0.75,124.42,1795.0
0606-01=,Colo,Indonesia,-0.162,121.601,404.0
0606-12=,Klabat,Indonesia,1.454,125.031,1968.0
0606-10=,Lokon-Empung,Indonesia,1.358,124.792,1580.0
0606-11=,Mahawu,Indonesia,1.352,124.865,1299.0
0606-04=,Riendengan-Sempu,Indonesia,1.13,124.758,1549.0
0606-03=,Soputan,Indonesia,1.112,124.737,1785.0
0606-13=,Tangkoko-Duasudara,Indonesia,1.518,125.185,1334.0
0606-07-,Tondano Caldera,Indonesia,1.23,124.83,1202.0
0601-25=,Besar,Indonesia,-4.43,103.67,1899.0
0601-21=,"Daun, Bukit",Indonesia,-3.38,102.37,2467.0
0601-23=,Dempo,Indonesia,-4.016,103.121,3142.0
0601-28=,Hulubelu,Indonesia,-5.334,104.59,849.0
0601-20=,Hululais,Indonesia,-3.247,102.239,2122.0
0601-171,Hutapanjang,Indonesia,-2.33,101.6,2021.0
0601-172,Hutapanjang,Indonesia,-2.333,101.6,2021.0
0601-101,Imun,Indonesia,2.15,98.93,1505.0
0601-22=,Kaba,Indonesia,-3.522,102.615,1940.0
0601-17=,Kerinci,Indonesia,-1.697,101.264,3800.0
0601-111,Lubukraya,Indonesia,1.478,99.209,1862.0
0601-24=,"Lumut Balai, Bukit",Indonesia,-4.22,103.62,2055.0
0601-121,Malintang,Indonesia,0.47,99.67,1983.0
0601-14=,Marapi,Indonesia,-0.38,100.474,2885.0
0601-231,Patah,Indonesia,-4.257,103.306,2836.0
0601-191,Pendan,Indonesia,-2.82,102.02,0.0
0601-03=,Peuet Sague,Indonesia,4.903,96.289,2785.0
0601-29=,Rajabasa,Indonesia,-5.78,105.625,1281.0
0601-251,Ranau,Indonesia,-4.871,103.925,1854.0
0601-131,Sarik-Gajah,Indonesia,0.074,100.189,737.0
0601-26=,Sekincau Belirang,Indonesia,-5.107,104.317,1717.0
0601-02=,Seulawah Agam,Indonesia,5.448,95.658,1810.0
0601-11=,Sibualbuali,Indonesia,1.556,99.255,1819.0
0601-08=,Sinabung,Indonesia,3.17,98.392,2460.0
0601-07=,Singkut,Indonesia,3.248,98.501,2181.0
0601-12=,Sorikmarapi,Indonesia,0.686,99.539,2145.0
0601-18=,Sumbing,Indonesia,-2.414,101.728,2507.0
0601-27=,Suoh,Indonesia,-5.25,104.27,1000.0
0601-13=,Talakmau,Indonesia,0.079,99.98,2919.0
0601-16=,Talang,Indonesia,-0.979,100.681,2575.0
0601-15=,Tandikat-Singgalang,Indonesia,-0.39,100.331,2854.0
0601-05=,"Telong, Bur ni",Indonesia,4.769,96.821,2617.0
0601-09=,Toba,Indonesia,2.58,98.83,2157.0
0805-07=,Akan,Japan,43.384,144.013,1499.0
0805-011,Esan,Japan,41.805,141.166,618.0
0805-02=,Hokkaido-Komagatake,Japan,42.063,140.677,1131.0
0805-08=,Kussharo,Japan,43.615,144.427,574.0
0805-034,Kuttara,Japan,42.491,141.16,549.0
0805-081,Mashu,Japan,43.572,144.561,857.0
0805-031,Niseko,Japan,42.875,140.659,1308.0
0805-01=,Oshima-Oshima,Japan,41.51,139.367,732.0
0805-082,Rausudake,Japan,44.076,145.122,1660.0
0805-041,Rishirizan,Japan,45.179,141.242,1721.0
0805-062,Shikaribetsu Group,Japan,43.28,143.08,1430.0
0805-04=,Shikotsu,Japan,42.688,141.38,1320.0
0805-09=,Shiretoko-Iozan,Japan,44.133,145.161,1562.0
0805-06=,Taisetsuzan,Japan,43.664,142.854,2291.0
0805-05=,Tokachidake,Japan,43.418,142.686,2077.0
0805-03=,Toya,Japan,42.544,140.839,733.0
0805-032,Yoteizan,Japan,42.827,140.812,1888.0
0803-001,Abu,Japan,34.5,131.6,641.0
0803-17=,Adatarayama,Japan,37.647,140.281,1728.0
0803-13=,Akagisan,Japan,36.56,139.193,1828.0
0803-23=,Akita-Komagatake,Japan,39.761,140.799,1637.0
0803-26=,Akita-Yakeyama,Japan,39.964,140.757,1366.0
0803-11=,Asamayama,Japan,36.406,138.523,2568.0
0803-18=,Azumayama,Japan,37.735,140.244,1949.0
0803-16=,Bandaisan,Japan,37.601,140.072,1816.0
0803-22=,Chokaisan,Japan,39.099,140.049,2236.0
0803-03=,Fujisan,Japan,35.361,138.728,3776.0
0803-25=,Hachimantai,Japan,39.958,140.854,1613.0
0803-28=,Hakkodasan,Japan,40.659,140.877,1585.0
0803-02=,Hakoneyama,Japan,35.233,139.021,1438.0
0803-05=,Hakusan,Japan,36.155,136.771,2702.0
0803-122,Harunasan,Japan,36.477,138.851,1449.0
0803-191,Hijiori,Japan,38.599,140.162,552.0
0803-131,Hiuchigatake,Japan,36.955,139.285,2356.0
0803-27=,Iwakisan,Japan,40.656,140.303,1625.0
0803-24=,Iwatesan,Japan,39.853,141.001,2038.0
0803-01=,Izu-Tobu,Japan,34.9,139.098,1406.0
0803-21=,Kurikomayama,Japan,38.961,140.788,1627.0
0803-12=,Kusatsu-Shiranesan,Japan,36.618,138.528,2165.0
0803-262,Megata,Japan,39.95,139.73,291.0
0803-08=,Midagahara,Japan,36.571,137.59,2621.0
0803-10=,Myokosan,Japan,36.891,138.114,2454.0
0803-141,Nantaisan,Japan,36.765,139.491,2486.0
0803-20=,Naruko,Japan,38.729,140.734,470.0
0803-15=,Nasudake,Japan,37.125,139.963,1915.0
0803-09=,Niigata-Yakeyama,Japan,36.921,138.036,2400.0
0803-14=,Nikko-Shiranesan,Japan,36.799,139.376,2578.0
0803-06=,Norikuradake,Japan,36.106,137.554,3026.0
0803-151,Numazawa,Japan,37.444,139.566,835.0
0803-003,Oki-Dogo,Japan,36.176,133.334,151.0
0803-142,Omanago Group,Japan,36.795,139.507,2341.0
0803-04=,Ontakesan,Japan,35.893,137.48,3067.0
0803-29=,Osorezan,Japan,41.279,141.12,878.0
0803-002,Sanbesan,Japan,35.141,132.622,1126.0
0803-121,Shiga,Japan,36.688,138.519,2041.0
0803-143,Takaharayama,Japan,36.9,139.777,1795.0
0803-271,Towada,Japan,40.51,140.88,1011.0
0803-071,Washiba-Kumonotaira,Japan,36.408,137.594,2924.0
0803-07=,Yakedake,Japan,36.227,137.587,2455.0
0803-031,Yokodake,Japan,36.087,138.32,2480.0
0803-19=,Zaozan [Zaosan],Japan,38.144,140.44,1841.0
0804-06=,Aogashima,Japan,32.458,139.759,423.0
0804-095,Doyo Seamount,Japan,27.68,140.8,-590.0
0804-05=,Hachijojima,Japan,33.137,139.766,854.0
0804-01=,Izu-Oshima,Japan,34.724,139.394,758.0
0804-09=,Izu-Torishima,Japan,30.484,140.303,394.0
0804-061,Kita-Bayonnaise,Japan,32.1,139.85,-360.0
0804-03=,Kozushima,Japan,34.219,139.153,572.0
0804-042,Kurose Hole,Japan,33.4,139.68,-107.0
0804-041,Mikurajima,Japan,33.874,139.602,851.0
0804-04=,Miyakejima,Japan,34.094,139.526,775.0
0804-094,Mokuyo Seamount,Japan,28.327,140.572,-933.0
0804-07=,Myojinsho,Japan,31.888,139.918,11.0
0804-02=,Niijima,Japan,34.397,139.27,432.0
0804-091,Sofugan,Japan,29.794,140.342,99.0
0804-08=,Sumisujima,Japan,31.44,140.051,136.0
0804-011,Toshima,Japan,34.52,139.279,508.0
0805-061,Maruyama,Japan,43.418,143.031,2013.0
0802-08=,Aira,Japan,31.593,130.657,1117.0
0802-11=,Asosan,Japan,32.884,131.104,1592.0
0802-07=,Ata,Japan,31.22,130.57,924.0
0802-091,Fukue,Japan,32.657,128.849,315.0
0802-09=,Kirishimayama,Japan,31.934,130.862,1700.0
0802-12=,Kujusan,Japan,33.086,131.249,1791.0
0802-10=,Unzendake,Japan,32.761,130.299,1483.0
0802-081,Yonemaru-Sumiyoshiike,Japan,31.771,130.592,40.0
0802-13=,Yufu-Tsurumi,Japan,33.282,131.39,1584.0
0804-16=,Agrigan,United States,18.77,145.67,965.0
0804-141,Ahyi,United States,20.42,145.03,-75.0
0804-18=,Alamagan,United States,17.6,145.83,744.0
0804-20=,Anatahan,United States,16.35,145.67,790.0
0804-15=,Asuncion,United States,19.671,145.406,857.0
0804-201,East Diamante,United States,15.93,145.67,-127.0
0804-21=,Esmeralda Bank,United States,15.0,145.25,-43.0
0804-14=,Farallon de Pajaros,United States,20.546,144.893,337.0
0804-22-,Forecast Seamount,United States,13.4,143.92,-1456.0
0804-19=,Guguan,United States,17.307,145.845,287.0
0804-135,Kasuga 2,United States,21.6,143.637,-274.0
0804-143,Maug Islands,United States,20.02,145.22,227.0
0804-136,NW Eifuku,United States,21.485,144.043,-1535.0
0804-211,NW Rota-1,United States,14.601,144.775,-517.0
0804-17=,Pagan,United States,18.13,145.8,570.0
0804-202,Ruby,United States,15.62,145.57,-230.0
0804-192,Sarigan,United States,16.708,145.78,538.0
0804-23-,Seamount X,United States,13.25,144.02,-1230.0
0804-142,Supply Reef,United States,20.13,145.1,-8.0
0804-138,Unnamed,United States,21.0,142.9,
0804-139,Unnamed,United States,20.3,143.2,
0804-191,Zealandia Bank,United States,16.88,145.85,0.0
0802-022,Akusekijima,Japan,29.465,129.594,555.0
0802-02=,Io-Torishima,Japan,27.881,128.223,212.0
0802-06=,Kikai,Japan,30.793,130.305,704.0
0802-041,Kuchino-shima,Japan,29.97,129.93,627.0
0802-05=,Kuchinoerabujima,Japan,30.443,130.217,657.0
0802-043,Kuchinoshima,Japan,29.968,129.926,628.0
0802-04=,Nakanoshima,Japan,29.859,129.857,979.0
0802-01=,Submarine Volcano NNE of Iriomotejima,Japan,24.57,123.93,-200.0
0802-03=,Suwanosejima,Japan,29.638,129.714,796.0
0802-021,Yokoatejima,Japan,28.797,128.997,495.0
0801-032,Tatun Volcanic Group,China,25.178,121.553,1120.0
0801-031,Kueishantao,Taiwan,24.841,121.953,361.0
0801-03=,Unnamed,Taiwan,24.0,121.83,0.0
0801-011,Unnamed,Taiwan,19.17,132.25,-10.0
0801-02=,Unnamed,Taiwan,21.83,121.18,-115.0
0801-01=,Unnamed,Taiwan,20.93,134.75,-6000.0
0801-04=,Unnamed,Taiwan,25.42,122.33,-100.0
0801-05=,Zengyu,Taiwan,26.18,122.458,-418.0
0804-137,Daikoku,Japan,21.324,144.194,-323.0
0804-133,Fukujin,Japan,21.93,143.47,-217.0
0804-13=,Fukutoku-Oka-no-Ba,Japan,24.285,141.481,-29.0
0804-12=,Ioto,Japan,24.751,141.289,169.0
0804-097,Kaikata Seamount,Japan,26.667,140.929,-165.0
0804-10=,Kaitoku Seamount,Japan,26.127,141.102,-95.0
0804-134,Kasuga 1,Japan,21.765,143.71,-598.0
0804-121,Kita-Fukutokutai,Japan,24.417,141.417,-73.0
0804-11=,Kita-Ioto,Japan,25.424,141.284,792.0
0804-131,Minami-Hiyoshi,Japan,23.5,141.935,-107.0
0804-132,Nikko,Japan,23.078,142.326,-392.0
0804-096,Nishinoshima,Japan,27.247,140.874,25.0
0804-093,Suiyo Seamount,Japan,28.575,140.633,-991.0
0804-101,Unnamed,Japan,26.133,144.483,-3200.0
1005-011,Arxan-Chaihe,China,47.45,120.8,1677.0
1005-01-,Honggeertu,China,41.59,113.111,1605.0
1005-04-,Jingbo,China,44.08,128.83,1000.0
1005-02-,Keluo Group,China,49.37,125.92,670.0
1005-05-,Longgang Group,China,42.33,126.5,1000.0
1005-03-,Wudalianchi,China,48.722,126.15,597.0
1005-06-,Changbaishan,North Korea,41.98,128.08,2744.0
1004-03-,Kunlun Volcanic Group,China,35.52,80.2,5808.0
1004-02-,Tianshan Volc Group,China,42.5,82.5,0.0
1004-01-,Turfan,China,42.9,89.25,0.0
1004-04-,Unnamed,China,35.85,91.7,5400.0
1000-125,Akademia Nauk,Russia,53.98,159.45,1180.0
1000-32-,Akhtang,Russia,55.43,158.65,1956.0
1000-45-,Alney-Chashakondzha,Russia,56.656,159.647,2570.0
1000-60-,Alngey,Russia,57.702,160.418,1822.0
1000-39-,Anaun,Russia,56.32,158.83,1828.0
1000-058,Asacha,Russia,52.355,157.827,1910.0
1000-10=,Avachinsky,Russia,53.256,158.836,2717.0
1000-123,Bakening,Russia,53.905,158.07,2278.0
1000-084,Barkhatnaya Sopka,Russia,52.802,158.24,874.0
1000-042,Belenkaya,Russia,51.75,157.27,892.0
1000-64-,Bely,Russia,57.88,160.53,2080.0
1000-25=,Bezymianny,Russia,55.972,160.595,2882.0
1000-49-,Bliznets,Russia,56.97,159.78,1244.0
1000-552,Bliznetsy,Russia,57.35,161.37,265.0
1000-087,Bolshe-Bannaya,Russia,52.9,157.78,1200.0
1000-30-,Bolshoi Payalpan,Russia,55.88,157.78,1906.0
1000-15=,Bolshoi Semiachik,Russia,54.32,160.02,1720.0
1000-36-,Bolshoi-Kekuknaysky,Russia,56.483,157.917,1401.0
1000-46-,Cherny,Russia,56.82,159.67,1778.0
1000-273,Cherpuk Group,Russia,55.55,157.47,1868.0
1000-022,Diky Greben,Russia,51.452,156.978,1040.0
1000-11=,Dzenzursky,Russia,53.637,158.922,2285.0
1000-42-,Eggella,Russia,56.57,158.52,1046.0
1000-59-,Elovsky,Russia,57.55,160.53,1381.0
1000-51-,Fedotych,Russia,57.13,160.4,965.0
1000-21=,Gamchen,Russia,54.974,160.703,2539.0
1000-38-,Geodesistoy,Russia,56.33,158.67,1170.0
1000-057,Golaya,Russia,52.263,157.787,858.0
1000-07=,Gorely,Russia,52.559,158.03,1799.0
1000-53-,Gorny Institute,Russia,57.33,160.2,2125.0
1000-28=,Ichinsky,Russia,55.678,157.718,3596.0
1000-71-,Iettunup,Russia,58.4,161.08,1340.0
1000-67-,Iktunup,Russia,58.08,160.77,2300.0
1000-03=,Iliinsky,Russia,51.498,157.203,1555.0
1000-62-,Kaileney,Russia,57.8,160.67,1582.0
1000-01=,Kambalny,Russia,51.306,156.875,2116.0
1000-251,Kamen,Russia,56.02,160.593,4585.0
1000-13=,Karymsky,Russia,54.049,159.443,1513.0
1000-50-,Kebeney,Russia,57.1,159.93,1527.0
1000-41-,Kekurny,Russia,56.4,158.85,1377.0
1000-041,Kell,Russia,51.65,157.35,900.0
1000-272,Khangar,Russia,54.761,157.407,1967.0
1000-053,Khodutka,Russia,52.062,157.711,2039.0
1000-18=,Kikhpinych,Russia,54.489,160.251,1515.0
1000-551,Kinenin,Russia,57.35,160.97,583.0
1000-23=,Kizimen,Russia,55.131,160.32,2334.0
1000-26=,Klyuchevskoy,Russia,56.056,160.642,4754.0
1000-22=,Komarov,Russia,55.033,160.725,2065.0
1000-09=,Koryaksky,Russia,53.321,158.712,3430.0
1000-02=,Koshelev,Russia,51.356,156.753,1822.0
1000-122,Kostakan,Russia,53.83,158.05,1150.0
1000-33-,Kozyrevsky,Russia,55.58,158.38,2016.0
1000-40-,Krainy,Russia,56.37,159.03,1554.0
1000-19=,Krasheninnikov,Russia,54.596,160.27,1816.0
1000-20=,Kronotsky,Russia,54.753,160.533,3482.0
1000-05=,Ksudach,Russia,51.844,157.572,1079.0
1000-37-,Kulkev,Russia,56.37,158.37,915.0
1000-023,Kurile Lake,Russia,51.45,157.12,81.0
1000-54-,Leutongey,Russia,57.306,159.827,1318.0
1000-29-,Maly Payalpan,Russia,55.82,157.98,1802.0
1000-14=,Maly Semyachik,Russia,54.135,159.674,1527.0
1000-001,Mashkovtsev,Russia,51.1,156.72,503.0
1000-57-,Mezhdusopochny,Russia,57.47,160.25,1641.0
1000-06=,Mutnovsky,Russia,52.449,158.196,2288.0
1000-65-,Nylgimelkin,Russia,57.97,160.65,1764.0
1000-052,Olkoviy Volcanic Group,Russia,52.02,157.53,681.0
1000-08=,Opala,Russia,52.543,157.339,2439.0
1000-055,Ostanets,Russia,52.146,157.322,719.0
1000-68-,Ostry,Russia,58.18,160.82,2552.0
1000-056,Otdelniy,Russia,52.221,157.435,814.0
1000-051,Ozernoy,Russia,51.88,157.38,562.0
1000-054,Piratkovsky,Russia,52.113,157.849,1322.0
1000-63-,Plosky,Russia,57.83,160.25,1255.0
1000-31-,Plosky,Russia,55.2,158.47,1236.0
1000-47-,Pogranychny,Russia,56.85,159.8,1427.0
1000-34-,Romanovka,Russia,55.65,158.8,1442.0
1000-201,Schmidt,Russia,54.92,160.63,2020.0
1000-52-,Sedanka Lava Field,Russia,57.317,160.067,1399.0
1000-70-,Severny,Russia,58.28,160.87,1936.0
1000-27=,Sheveluch,Russia,56.653,161.36,3283.0
1000-511,Shisheika,Russia,57.153,161.09,355.0
1000-58-,Shishel,Russia,57.45,160.37,2525.0
1000-69-,Snegovoy,Russia,58.2,160.97,2169.0
1000-66-,Snezhniy,Russia,58.02,160.8,2169.0
1000-671,Spokoiny,Russia,58.13,160.82,2171.0
1000-16-,Taunshits,Russia,54.528,159.804,2301.0
1000-512,Terpuk,Russia,57.2,159.83,765.0
1000-56-,Titila,Russia,57.406,160.108,1523.0
1000-24=,Tolbachik,Russia,55.832,160.326,3611.0
1000-082,Tolmachev Dol,Russia,52.63,157.58,1021.0
1000-55-,Tuzovsky,Russia,57.32,159.967,1516.0
1000-241,Udina,Russia,55.758,160.527,2886.0
1000-61-,Uka,Russia,57.706,160.59,1607.0
1000-35-,Uksichan,Russia,56.08,158.38,1692.0
1000-232,Unnamed,Russia,55.92,161.75,0.0
1000-086,Unnamed,Russia,52.88,158.3,700.0
1000-085,Unnamed,Russia,52.92,158.52,450.0
1000-081,Unnamed,Russia,52.57,157.02,610.0
1000-43-,Unnamed,Russia,56.82,158.95,1185.0
1000-261,Ushkovsky,Russia,56.113,160.509,3943.0
1000-17=,Uzon,Russia,54.5,159.97,1617.0
1000-121,Veer,Russia,53.75,158.45,520.0
1000-44-,Verkhovoy,Russia,56.52,159.53,1400.0
1000-083,Vilyuchik,Russia,52.7,158.28,2173.0
1000-059,Visokiy,Russia,52.43,157.93,1234.0
1000-72-,Voyampolsky,Russia,58.374,160.631,1103.0
1000-221,Vysoky,Russia,55.064,160.765,2129.0
1000-021,Yavinsky,Russia,51.533,156.629,646.0
1000-48-,Zaozerny,Russia,56.88,159.95,1349.0
1000-124,Zavaritsky,Russia,53.905,158.385,1567.0
1000-04=,Zheltovsky,Russia,51.577,157.328,1926.0
1000-12=,Zhupanovsky,Russia,53.589,159.15,2899.0
1000-242,Zimina,Russia,55.862,160.603,3057.0
1000-271,Piip,Russia,55.42,167.33,-300.0
1006-02-,Ch'uga-ryong,North Korea,38.33,127.33,452.0
1006-01-,Xianjindao,North Korea,41.33,128.0,0.0
1006-04-,Halla,South Korea,33.361,126.53,1919.0
1006-03-,Ulreung,South Korea,37.5,130.87,984.0
1003-03-,Bus-Obo,Mongolia,47.12,109.08,1162.0
1003-04-,Dariganga Volcanic Field,Mongolia,45.754,114.279,1778.0
1003-02-,Khanuy Gol,Mongolia,48.67,102.75,1886.0
1003-05-,Middle Gobi,Mongolia,45.28,106.7,1120.0
1003-01-,Taryatu-Chulutu,Mongolia,48.133,99.95,2326.0
1002-07-,Azas Plateau,Russia,52.433,98.303,2765.0
1002-06-,Jom-Bolok,Russia,52.713,99.021,2047.0
1002-01-,Southern Sikhote-Alin,Russia,44.5,135.5,0.0
1002-05-,Tunkin Depression,Russia,51.5,102.5,1200.0
1002-03-,Udokan Plateau,Russia,56.28,117.77,2180.0
1002-04-,Vitim Volcanic Field,Russia,53.75,113.25,1250.0
1505-18-,Antofagasta Volcanic Field,Argentina,-26.12,-67.4,3495.0
1508-024,Apagado,Argentina,-41.88,-72.58,1210.0
1505-16-,Aracar,Argentina,-24.29,-67.783,6095.0
1507-023,"Atuel, Caldera del",Argentina,-34.65,-70.05,5189.0
1505-21-,"Blanco, Cerro",Argentina,-26.789,-67.765,4670.0
1505-19-,"Condor, El",Argentina,-26.632,-68.361,6373.0
1507-067,Domuyo,Argentina,-36.638,-70.432,4702.0
1505-124,Falso Azufre,Argentina,-26.8,-68.37,5906.0
1507-123,Huanquihue Group,Argentina,-39.887,-71.58,2189.0
1505-123,"Nevada, Sierra",Argentina,-26.48,-68.58,6173.0
1507-066,Payun Matru,Argentina,-36.422,-69.241,3715.0
1505-20-,Peinado,Argentina,-26.623,-68.116,5741.0
1507-073,Puesto Cortaderas,Argentina,-37.567,-69.617,970.0
1505-107,Pular,Argentina,-24.188,-68.054,6233.0
1507-024,Risco Plateado,Argentina,-34.917,-69.981,4999.0
1505-131,"Solo, El",Argentina,-27.105,-68.713,6205.0
1505-22-,Tipas,Argentina,-27.196,-68.561,6658.0
1507-081,Trolon,Argentina,-37.738,-70.906,2360.0
1507-072,Tromen,Argentina,-37.144,-70.033,4114.0
1507-071,Tromen,Argentina,-37.142,-70.03,3978.0
1505-15-,Tuzgle,Argentina,-24.05,-66.48,5486.0
1505-161,Unnamed,Argentina,-25.078,-68.266,4652.0
1508-061,"Viedma, Volcan",Argentina,-49.358,-73.28,1300.0
1505-036,Jatun Mundo Quri Warani,Bolivia,-19.78,-66.48,5438.0
1505-035,"Jayu Khota, Laguna",Bolivia,-19.463,-67.432,3650.0
1505-042,Pampa Luxsar,Bolivia,-20.85,-68.2,5543.0
1505-012,Parinacota,Bolivia,-18.166,-69.142,6336.0
1505-021,Tambo Quemado,Bolivia,-18.62,-68.75,4215.0
1505-061,"Yumia, Cerro",Bolivia,-21.5,-67.5,4050.0
1505-125,"Incahuasi, Nevado de",Argentina,-27.033,-68.296,6638.0
1507-122,Lanin,Argentina,-39.637,-71.502,3776.0
1507-021,Maipo,Argentina,-34.164,-69.832,5323.0
1507-02=,San Jose,Argentina,-33.789,-69.895,6070.0
1507-153,Antillanca Volcanic Complex,Chile,-40.783,-72.15,1979.0
1507-08=,Antuco,Chile,-37.406,-71.349,2979.0
1507-06=,"Azul, Cerro",Chile,-35.653,-70.761,3788.0
1507-064,"Blancas, Lomas",Chile,-36.286,-71.009,2268.0
1507-112,Caburgua-Huelemolle,Chile,-39.25,-71.75,1652.0
1507-042,Calabozos,Chile,-35.558,-70.496,3508.0
1507-091,Callaqui,Chile,-37.92,-71.45,3164.0
1507-14=,Carran-Los Venados,Chile,-40.35,-72.07,1114.0
1507-07=,"Chillan, Nevados de",Chile,-36.868,-71.378,3180.0
1507-09=,Copahue,Chile,-37.856,-71.183,2953.0
1507-05=,Descabezado Grande,Chile,-35.58,-70.75,3953.0
1507-041,Infiernillo,Chile,-35.123,-69.9,3007.0
1507-11=,Llaima,Chile,-38.692,-71.729,3125.0
1507-063,"Longavi, Nevado de",Chile,-36.193,-71.161,3242.0
1507-10=,Lonquimay,Chile,-38.379,-71.586,2832.0
1507-092,"Mariñaqui, Laguna",Chile,-38.255,-71.167,2108.0
1507-061,"Maule, Laguna del",Chile,-36.058,-70.492,2162.0
1507-13=,Mocho-Choshuenco,Chile,-39.927,-72.027,2422.0
1507-022,Palomo,Chile,-34.608,-70.295,4860.0
1507-152,"Pantojo, Cerro",Chile,-40.77,-71.95,1897.0
1507-04=,Planchon-Peteroa,Chile,-35.223,-70.568,3977.0
1507-16-,Puntiagudo-Cordon Cenizos,Chile,-40.969,-72.264,2493.0
1507-15=,Puyehue-Cordon Caulle,Chile,-40.59,-72.117,2236.0
1507-121,Quetrupillan,Chile,-39.496,-71.722,2360.0
1507-065,"Resago, Volcan",Chile,-36.45,-70.92,1890.0
1507-062,San Pedro-Pellado,Chile,-35.989,-70.849,3621.0
1507-111,Sollipulli,Chile,-38.97,-71.52,2282.0
1507-03=,Tinguiririca,Chile,-34.814,-70.352,4280.0
1507-093,Tolhuaca,Chile,-38.31,-71.645,2739.0
1507-101,Tralihue,Chile,-38.509,-70.898,2448.0
1507-01=,Tupungatito,Chile,-33.425,-69.797,5660.0
1507-12=,Villarrica,Chile,-39.42,-71.93,2847.0
1506-011,Easter Island,Chile,-27.15,-109.38,511.0
1506-02=,Robinson Crusoe,Chile,-33.658,-78.85,922.0
1506-01=,San Felix,Chile,-26.27,-80.12,183.0
1506-04=,Unnamed,Chile,-33.62,-76.83,-642.0
1506-03=,Unnamed,Chile,-33.622,-78.78,0.0
1505-122,"Bayo Gorbea, Cerro",Argentina,-25.414,-68.588,5413.0
1505-121,Cordon del Azufre,Argentina,-25.336,-68.521,5481.0
1505-112,Corrida de Cori Volcanic Field,Argentina,-25.083,-68.367,5451.0
1505-11=,Llullaillaco,Argentina,-24.72,-68.53,6739.0
1505-13=,"Ojos del Salado, Nevados",Argentina,-27.109,-68.541,6879.0
1505-108,Socompa,Argentina,-24.396,-68.246,6031.0
1505-06=,"Azufre, Cerro del",Bolivia,-21.787,-68.237,5846.0
1505-093,Guayaques,Bolivia,-22.895,-67.566,5598.0
1505-04=,Irruputuncu,Bolivia,-20.73,-68.55,5163.0
1505-05=,Olca-Paruma,Bolivia,-20.939,-68.413,5705.0
1505-091,Sairecabur,Bolivia,-22.72,-67.892,5971.0
1505-096,Acamarachi,Chile,-23.292,-67.618,6023.0
1505-104,Caichinque,Chile,-23.949,-67.74,4458.0
1505-098,Chiliques,Chile,-23.58,-67.7,5778.0
1505-095,Colachi,Chile,-23.236,-67.645,5631.0
1505-14-,Copiapo,Chile,-27.3,-69.13,6052.0
1505-101,Cordon de Puntas Negras,Chile,-23.743,-67.534,5852.0
1505-02=,Guallatiri,Chile,-18.42,-69.092,6071.0
1505-03=,Isluga,Chile,-19.15,-68.83,5550.0
1505-10=,Lascar,Chile,-23.37,-67.73,5592.0
1505-12=,Lastarria,Chile,-25.168,-68.507,5706.0
1505-092,Licancabur,Chile,-22.83,-67.88,5916.0
1505-102,Miniques,Chile,-23.82,-67.77,5910.0
1505-106,"Negrillar, El",Chile,-24.18,-68.25,3500.0
1505-109,"Negrillar, La",Chile,-24.319,-68.59,4220.0
1505-097,"Overo, Cerro",Chile,-23.52,-67.67,4555.0
1505-094,Purico Complex,Chile,-23.0,-67.75,5703.0
1505-09=,Putana,Chile,-22.557,-67.853,5884.0
1505-07=,San Pedro-San Pablo,Chile,-21.888,-68.391,6142.0
1505-011,Taapaca,Chile,-18.1,-69.5,5860.0
1505-01=,Tacora,Chile,-17.72,-69.77,5980.0
1505-032,Tata Sabaya,Chile,-19.13,-68.53,5430.0
1505-105,Tilocalar,Chile,-23.97,-68.13,3109.0
1505-103,"Tujle, Cerro",Chile,-23.83,-67.95,3550.0
1508-062,Aguilera,Chile,-50.33,-73.75,2546.0
1508-059,Arenales,Chile,-47.2,-73.483,3437.0
1508-07=,"Burney, Monte",Chile,-52.33,-73.4,1758.0
1508-02=,Calbuco,Chile,-41.33,-72.618,1974.0
1508-055,Cay,Chile,-45.059,-72.984,2090.0
1508-021,Cayute-La Vigueria,Chile,-41.25,-72.27,506.0
1508-012,Cayutue-La Vigueria,Chile,-41.25,-72.27,506.0
1508-041,Chaiten,Chile,-42.833,-72.646,1122.0
1508-050,Corcovado,Chile,-43.189,-72.794,1826.0
1508-09-,Fueguino,Chile,-54.97,-70.262,157.0
1508-023,Hornopiren,Chile,-41.874,-72.431,1572.0
1508-057,"Hudson, Cerro",Chile,-45.9,-72.97,1905.0
1508-03=,Huequi,Chile,-42.377,-72.578,1318.0
1508-06=,Lautaro,Chile,-49.019,-73.504,3542.0
1508-056,Maca,Chile,-45.1,-73.17,2960.0
1508-052,Melimoyu,Chile,-44.08,-72.88,2400.0
1508-054,Mentolat,Chile,-44.7,-73.08,1660.0
1508-04=,Michinmahuida,Chile,-42.799,-72.445,2452.0
1508-01=,Osorno,Chile,-41.105,-72.496,2659.0
1508-051,Palena Volcanic Group,Chile,-43.42,-72.83,2991.0
1508-08-,Pali-Aike Volcanic Field,Chile,-52.082,-69.698,282.0
1508-053,Puyuhuapi,Chile,-44.3,-72.53,524.0
1508-063,Reclus,Chile,-50.964,-73.585,1000.0
1508-058,Río Murta,Chile,-46.167,-72.667,
1508-011,Tronador,Chile,-41.157,-71.885,3478.0
1508-05=,Yanteles,Chile,-43.497,-72.81,2049.0
1508-022,Yate,Chile,-41.755,-72.396,2187.0
1508-025,Crater Basalt Volcanic Field,Argentina,-42.018,-70.194,1344.0
1501-09=,Azufral,Colombia,1.08,-77.68,4070.0
1501-012,"Bravo, Cerro",Colombia,5.091,-75.293,3985.0
1501-10=,Cumbal,Colombia,0.95,-77.87,4764.0
1501-07=,Dona Juana,Colombia,1.5,-76.936,4137.0
1501-08=,Galeras,Colombia,1.22,-77.37,4276.0
1501-05=,"Huila, Nevado del",Colombia,2.93,-76.03,5364.0
1501-04=,Machin,Colombia,4.487,-75.389,2749.0
1501-062,Petacas,Colombia,1.57,-76.78,3280.0
1501-06=,Purace,Colombia,2.32,-76.4,4650.0
1501-011,Romeral,Colombia,5.203,-75.363,3769.0
1501-02=,"Ruiz, Nevado del",Colombia,4.892,-75.324,5279.0
1501-021,Santa Isabel,Colombia,4.818,-75.365,4944.0
1501-061,Sotara,Colombia,2.108,-76.592,4400.0
1501-03=,"Tolima, Nevado del",Colombia,4.658,-75.33,5215.0
1501-11=,Chiles-Cerro Negro,Ecuador,0.817,-77.938,4698.0
1502-03=,Antisana,Ecuador,-0.481,-78.141,5753.0
1502-021,Atacazo,Ecuador,-0.353,-78.617,4463.0
1502-006,Cayambe,Ecuador,0.029,-77.986,5790.0
1502-022,Chacana,Ecuador,-0.375,-78.25,4643.0
1502-002,Chachimbiro,Ecuador,0.468,-78.287,4106.0
1502-071,Chimborazo,Ecuador,-1.464,-78.815,6310.0
1502-05=,Cotopaxi,Ecuador,-0.677,-78.436,5911.0
1502-003,Cuicocha,Ecuador,0.308,-78.364,3246.0
1502-02=,Guagua Pichincha,Ecuador,-0.171,-78.598,4784.0
1502-041,Illiniza,Ecuador,-0.659,-78.714,5248.0
1502-004,Imbabura,Ecuador,0.258,-78.183,4609.0
1502-081,Licto,Ecuador,-1.78,-78.613,3336.0
1502-005,Mojanda,Ecuador,0.13,-78.27,4263.0
1502-011,Pululahua,Ecuador,0.038,-78.463,3356.0
1502-06=,Quilotoa,Ecuador,-0.85,-78.9,3914.0
1502-01=,Reventador,Ecuador,-0.077,-77.656,3562.0
1502-09=,Sangay,Ecuador,-2.005,-78.341,5286.0
1502-001,Soche,Ecuador,0.552,-77.58,3955.0
1502-04=,Sumaco,Ecuador,-0.538,-77.626,3990.0
1502-08=,Tungurahua,Ecuador,-1.467,-78.442,5023.0
1503-04=,Alcedo,Ecuador,-0.43,-91.12,1130.0
1503-06=,"Azul, Cerro",Ecuador,-0.92,-91.408,1640.0
1503-03=,Darwin,Ecuador,-0.18,-91.28,1330.0
1503-011,Ecuador,Ecuador,-0.02,-91.546,790.0
1503-01=,Fernandina,Ecuador,-0.37,-91.55,1476.0
1503-081,Genovesa,Ecuador,0.32,-89.958,64.0
1503-08=,Marchena,Ecuador,0.33,-90.47,343.0
1503-05=,"Negra, Sierra",Ecuador,-0.83,-91.17,1124.0
1503-07=,Pinta,Ecuador,0.58,-90.75,780.0
1503-12-,San Cristobal,Ecuador,-0.88,-89.5,759.0
1503-091,Santa Cruz,Ecuador,-0.62,-90.33,864.0
1503-09=,Santiago,Ecuador,-0.22,-90.77,920.0
1503-02=,Wolf,Ecuador,0.02,-91.35,1710.0
1504-004,Andahua-Orcopampa,Peru,-15.42,-72.33,4713.0
1504-001,"Auquihuato, Cerro",Peru,-15.07,-73.18,4980.0
1504-06-,"Casiri, Nevados",Peru,-17.47,-69.813,5650.0
1504-007,"Chachani, Nevado",Peru,-16.191,-71.53,6057.0
1504-003,Coropuna,Peru,-15.52,-72.65,6377.0
1504-005,Huambo,Peru,-15.83,-72.13,4550.0
1504-03=,Huaynaputina,Peru,-16.608,-70.85,4850.0
1504-01=,"Misti, El",Peru,-16.294,-71.409,5822.0
1504-008,"Nicholson, Cerro",Peru,-16.261,-71.754,2525.0
1504-00-,Quimsachata,Peru,-14.176,-71.351,3693.0
1504-006,Sabancaya,Peru,-15.787,-71.857,5960.0
1504-002,Sara Sara,Peru,-15.33,-73.45,5522.0
1504-031,Ticsani,Peru,-16.755,-70.595,5408.0
1504-04=,Tutupaca,Peru,-17.026,-70.372,5801.0
1504-02=,Ubinas,Peru,-16.355,-70.903,5672.0
1504-05-,Yucamane,Peru,-17.184,-70.196,5495.0
0705-11-,Tengchong,China,25.23,98.5,2865.0
0704-03=,Babuyan Claro,Philippines,19.523,121.94,1080.0
0704-01=,Camiguin de Babuyanes,Philippines,18.83,121.86,712.0
0704-02=,Didicas,Philippines,19.077,122.202,228.0
0704-06-,Iraya,Philippines,20.469,122.01,1009.0
0704-04=,Smith Volcano,Philippines,19.523,121.94,2090.0
0704-05=,Unnamed,Philippines,20.33,121.75,-24.0
0703-088,Ambalatungan Group,Philippines,17.32,121.1,2329.0
0703-085,Amorong,Philippines,15.828,120.805,376.0
0703-084,Arayat,Philippines,15.2,120.742,1026.0
0703-05=,Banahaw,Philippines,14.07,121.48,2158.0
0703-01=,Bulusan,Philippines,12.769,124.056,1535.0
0703-09=,Cagua,Philippines,18.222,122.123,1133.0
0703-041,Iriga,Philippines,13.458,123.451,1138.0
0703-042,Isarog,Philippines,13.658,123.38,1966.0
0703-08=,Laguna Caldera,Philippines,14.42,121.27,743.0
0703-04=,Malinao,Philippines,13.422,123.597,1548.0
0703-044,Malindig,Philippines,13.24,122.018,1157.0
0703-081,Mariveles,Philippines,14.527,120.482,1388.0
0703-031,Masaraga,Philippines,13.32,123.6,1328.0
0703-03=,Mayon,Philippines,13.257,123.685,2462.0
0703-082,Natib,Philippines,14.72,120.4,1253.0
0703-087,Patoc,Philippines,17.147,120.98,1865.0
0703-083,Pinatubo,Philippines,15.13,120.35,1486.0
0703-02=,Pocdol Mountains,Philippines,13.05,123.958,1102.0
0703-06=,San Pablo Volcanic Field,Philippines,14.12,121.3,1090.0
0703-086,Santo Tomas,Philippines,16.33,120.55,2260.0
0703-07=,Taal,Philippines,14.002,120.993,311.0
0701-03=,Apo,Philippines,6.989,125.269,2938.0
0701-072,Balatocan,Philippines,8.8,124.92,2450.0
0701-01=,Balut,Philippines,5.4,125.375,862.0
0701-08=,Camiguin,Philippines,9.203,124.673,1552.0
0701-061,Kalatungan,Philippines,7.95,124.8,2824.0
0701-05=,Latukan,Philippines,7.65,124.47,2338.0
0701-031,Leonard Range,Philippines,7.382,126.047,1080.0
0701-04=,Makaturing,Philippines,7.644,124.317,1818.0
0701-071,Malindang,Philippines,8.22,123.63,2404.0
0701-02=,Matutum,Philippines,6.37,125.07,2286.0
0701-07=,Musuan,Philippines,7.877,125.068,646.0
0701-09-,Paco,Philippines,9.593,125.52,524.0
0701-011,Parker,Philippines,6.113,124.892,1824.0
0701-06=,Ragang,Philippines,7.691,124.507,2790.0
0702-08=,Biliran,Philippines,11.523,124.535,1301.0
0702-05=,Cabalían,Philippines,10.285,125.218,912.0
0702-01=,Cuernos de Negros,Philippines,9.25,123.17,1862.0
0702-02=,Kanlaon,Philippines,10.412,123.132,2435.0
0702-07=,Mahagnao,Philippines,10.882,124.888,860.0
0702-03=,Mandalagan,Philippines,10.65,123.25,1885.0
0702-04=,Silay,Philippines,10.77,123.23,1510.0
0705-001,Hainan Volcanic Field,China,19.905,110.229,196.0
0705-01-,Leizhou Bandao,China,20.83,109.78,259.0
0705-09-,Lower Chindwin,Myanmar,22.28,95.1,385.0
0705-08-,Popa,Myanmar,20.92,95.25,1518.0
0705-10-,Singu Plateau,Myanmar,22.7,95.98,507.0
0705-05-,Bas Dong Nai,Vietnam,10.8,107.2,392.0
0705-06-,"Cendres, Ile des",Vietnam,10.158,109.014,-20.0
0705-04-,Haut Dong Nai,Vietnam,11.6,108.2,1000.0
0705-02-,Ly Son Group,Vietnam,15.38,109.12,157.0
0705-03-,Toroeng Prong,Vietnam,14.93,108.0,800.0
0705-07-,Veteran,Vietnam,9.83,109.05,-50.0
0700-01=,Bud Dajo,Philippines,5.95,121.07,440.0
0405-02-,Koro,Fiji,-17.32,179.4,522.0
0405-01-,Taveuni,Fiji,-16.82,-179.97,1241.0
0405-03-,Nabukelevu,Tonga,-19.12,177.98,805.0
0402-02=,Brimstone Island,New Zealand,-30.23,-178.92,-2000.0
0402-01=,Curtis Island,New Zealand,-30.543,-178.556,47.0
0402-022,Giggenbach,New Zealand,-30.036,-178.712,-65.0
0402-021,Macauley,New Zealand,-30.21,-178.475,238.0
0402-05-,Monowai,New Zealand,-25.887,-177.188,-132.0
0402-03=,Raoul Island,New Zealand,-29.27,-177.92,516.0
0402-04=,Unnamed,New Zealand,-29.18,-177.87,-560.0
0402-001,Wright,New Zealand,-31.85,-179.18,-900.0
0401-02=,Auckland Volcanic Field,New Zealand,-36.9,174.87,260.0
0401-15-,Brothers,New Zealand,-34.875,179.075,-1350.0
0401-101,Clark,New Zealand,-36.446,177.839,-860.0
0401-14-,Healy,New Zealand,-35.004,178.973,-980.0
0401-01=,Kaikohe-Bay of Islands,New Zealand,-35.3,173.9,388.0
0401-061,Maroa,New Zealand,-38.42,176.08,897.0
0401-021,Mayor Island,New Zealand,-37.28,176.25,355.0
0401-09=,Ngauruhoe,New Zealand,-39.158,175.63,2291.0
0401-05=,Okataina,New Zealand,-38.12,176.5,1111.0
0401-06-,Reporoa,New Zealand,-38.42,176.33,592.0
0401-10=,Ruapehu,New Zealand,-39.28,175.57,2797.0
0401-131,Rumble II West,New Zealand,-35.353,178.527,-1200.0
0401-13-,Rumble III,New Zealand,-35.745,178.478,-220.0
0401-12-,Rumble IV,New Zealand,-36.13,178.05,-500.0
0401-11-,Rumble V,New Zealand,-36.142,178.196,-400.0
0401-102,Tangaroa,New Zealand,-36.321,178.028,-600.0
0401-03=,Taranaki,New Zealand,-39.3,174.07,2518.0
0401-07=,Taupo,New Zealand,-38.82,176.0,760.0
0401-08=,Tongariro,New Zealand,-39.157,175.632,1978.0
0401-04=,Whakaari/White Island,New Zealand,-37.52,177.18,294.0
0401-011,Whangarei,New Zealand,-35.75,174.27,397.0
0404-02-,Tutuila,American Samoa,-14.295,-170.7,653.0
0404-04=,Savai'i,Samoa,-13.612,-172.525,1858.0
0404-03-,Upolu,Samoa,-13.935,-171.72,1100.0
0404-01=,Ofu-Olosega,United States,-14.175,-169.618,639.0
0404-001,Ta'u,United States,-14.23,-169.454,931.0
0404-00-,Vailulu'u,United States,-14.215,-169.058,-592.0
0404-05-,Wallis Islands,Wallis & Futuna,-13.3,-176.17,143.0
0403-102,Curacoa,Tonga,-15.62,-173.67,-33.0
0403-05=,Fonuafo'ou,Tonga,-20.32,-175.42,-17.0
0403-10=,Fonualei,Tonga,-18.023,-174.317,188.0
0403-08=,Home Reef,Tonga,-18.992,-174.775,-10.0
0403-04=,Hunga Tonga-Hunga Ha'apai,Tonga,-20.536,-175.382,114.0
0403-061,Kao,Tonga,-19.668,-175.016,1009.0
0403-09=,Late,Tonga,-18.806,-174.65,540.0
0403-07=,Lateiki,Tonga,-19.18,-174.87,43.0
0403-11=,Niuafo'ou,Tonga,-15.6,-175.63,260.0
0403-101,Tafahi,Tonga,-15.85,-173.72,560.0
0403-12-,Tafu-Maka,Tonga,-15.37,-174.23,-1400.0
0403-06=,Tofua,Tonga,-19.75,-175.07,515.0
0403-02=,Unnamed,Tonga,-21.07,-175.33,0.0
0403-01=,Unnamed,Tonga,-21.338,-175.65,-68.0
0403-03=,Unnamed,Tonga,-20.852,-175.55,-296.0
0403-001,Unnamed,Tonga,-24.8,-177.02,-385.0
0403-011,Unnamed,Tonga,-21.15,-175.75,-65.0
0403-091,Unnamed,Tonga,-18.325,-174.365,-40.0
0403-13-,West Mata,Tonga,-15.1,-173.75,-1174.0
0302-06-,Dacht-I-Navar Group,Afghanistan,33.95,67.92,3800.0
0302-07-,Vakak Group,Afghanistan,34.25,67.97,3190.0
0302-14-,Ormus Islands,Indian Ocean,26.0,57.0,0.0
0301-15-,Unnamed,Indian Ocean,12.25,45.0,0.0
0301-09-,"Arhab, Harra of",Yemen,15.63,44.08,3100.0
0301-17-,"Bal Haf, Harra of",Yemen,14.067,48.3,604.0
0301-18-,Bir Borhut,Yemen,15.515,50.935,464.0
0301-12-,"Dhamar, Harras of",Yemen,14.57,44.67,3500.0
0301-11-,"Haylan, Jabal",Yemen,15.4,45.1,1550.0
0301-10-,"Marha, Jabal el-",Yemen,15.245,44.236,2506.0
0301-16-,"Sawad, Harra Es-",Yemen,13.58,46.12,1737.0
0301-072,"Birk, Harrat al",Saudi Arabia,18.37,41.63,587.0
0301-001,Harrat Ash Shamah,Saudi Arabia,32.333,37.583,1100.0
0301-05=,"Ithnayn, Harrat",Saudi Arabia,26.58,40.2,1625.0
0301-06=,"Khaybar, Harrat",Saudi Arabia,25.0,39.92,2093.0
0301-071,"Kishb, Harrat",Saudi Arabia,22.8,41.38,1475.0
0301-04-,"Lunayyir, Harrat",Saudi Arabia,25.17,37.75,1370.0
0301-01=,"Rahah, Harrat ar",Saudi Arabia,27.8,36.17,1950.0
0301-07=,"Rahat, Harrat",Saudi Arabia,23.08,39.78,1744.0
0301-02=,"Uwayrid, Harrat",Saudi Arabia,27.08,37.25,1920.0
0301-08-,"Yar, Jabal",Saudi Arabia,17.05,42.83,305.0
0305-01=,Unnamed,Indian Ocean,11.75,80.75,0.0
0304-03-,"Est, Ile de l'",French Southern & Antarctic Lands,-46.43,52.2,1090.0
0304-02=,Kerguelen Islands,French Southern & Antarctic Lands,-49.58,69.5,1840.0
0304-01=,Heard,Heard I. & McDonald Is.,-53.106,73.513,2745.0
0304-001,Amsterdam Island,Indian Ocean,-37.83,77.52,881.0
0304-05-,"Cochons, Ile Aux",Indian Ocean,-46.1,50.23,775.0
0304-011,McDonald Islands,Indian Ocean,-53.03,72.6,230.0
0304-04-,"Possession, Ile de la",Indian Ocean,-46.42,51.75,934.0
0304-06-,Prince Edward Island,Indian Ocean,-46.63,37.95,672.0
0304-002,St. Paul,Indian Ocean,-38.72,77.53,268.0
0304-07-,Marion Island,South Africa,-46.9,37.75,1230.0
0303-001,"Grille, La",Comoros,-11.47,43.33,1087.0
0303-01=,Karthala,Comoros,-11.75,43.38,2361.0
0303-02=,"Fournaise, Piton de la",Reunion,-21.244,55.708,2632.0
0304-00-,Boomerang Seamount,Antarctica,-37.721,77.825,-650.0
0302-03-,Bazman,Iran,28.07,60.0,3490.0
0302-01-,Damavand,Iran,35.951,52.109,5670.0
0302-04-,Kuh-e Nader,Iran,28.17,60.67,1500.0
0302-02-,Qal'eh Hasan Ali,Iran,29.4,57.57,0.0
0302-002,Sabalan,Iran,38.268,47.835,4784.0
0302-001,Sahand,Iran,37.75,46.43,3707.0
0302-05-,Taftan,Iran,28.6,61.13,3940.0
0302-00-,Unnamed,Iran,39.25,45.167,
0303-011,Ambre-Bobaomby,Madagascar,-12.6,49.15,1475.0
0303-013,Ankaizina Field,Madagascar,-14.3,48.67,2878.0
0303-014,Itasy Volcanic Field,Madagascar,-19.033,46.7,1800.0
0303-012,Nosy-Be,Madagascar,-13.32,48.48,214.0
0303-015,Vakinankaratra,Madagascar,-19.85,46.942,2644.0
0300-05-,Es Safa,Syria,33.08,37.15,979.0
0300-01-,Sharat Kovakab,Syria,36.536,40.858,516.0
0300-06-,Unnamed,Syria,32.658,36.425,1436.0
0300-03-,Unnamed,Syria,33.308,36.925,945.0
0300-02-,Unnamed,Syria,36.67,37.0,0.0
0300-04-,Unnamed,Syria,33.15,36.258,1197.0
1405-033,Arenal,Costa Rica,10.463,-84.703,1670.0
1405-05=,Barva,Costa Rica,10.135,-84.1,2906.0
1405-06=,Irazu,Costa Rica,9.979,-83.852,3432.0
1405-03=,Miravalles,Costa Rica,10.748,-85.153,2028.0
1405-01=,Orosi,Costa Rica,10.98,-85.473,1659.0
1405-034,Platanar,Costa Rica,10.3,-84.366,2267.0
1405-04=,Poas,Costa Rica,10.2,-84.233,2708.0
1405-02=,Rincon de la Vieja,Costa Rica,10.83,-85.324,1916.0
1405-031,Tenorio,Costa Rica,10.673,-85.015,1916.0
1405-07=,Turrialba,Costa Rica,10.025,-83.767,3340.0
1403-01=,Apaneca Range,El Salvador,13.891,-89.786,2036.0
1403-071,Apastepeque Field,El Salvador,13.72,-88.77,700.0
1403-101,"Aramuaca, Laguna",El Salvador,13.428,-88.105,181.0
1403-09=,Chinameca,El Salvador,13.478,-88.33,1300.0
1403-051,"Cinotepeque, Cerro",El Salvador,14.02,-89.25,665.0
1403-041,Coatepeque Caldera,El Salvador,13.87,-89.55,746.0
1403-11=,Conchagua,El Salvador,13.277,-87.853,1250.0
1403-12=,Conchaguita,El Salvador,13.22,-87.765,550.0
1403-052,Guazapa,El Salvador,13.9,-89.12,1438.0
1403-06=,Ilopango,El Salvador,13.672,-89.053,450.0
1403-03=,Izalco,El Salvador,13.813,-89.633,1950.0
1403-001,San Diego,El Salvador,14.27,-89.48,781.0
1403-04=,San Marcelino,El Salvador,13.853,-89.63,2381.0
1403-10=,San Miguel,El Salvador,13.434,-88.269,2130.0
1403-05=,San Salvador,El Salvador,13.734,-89.294,1893.0
1403-07=,San Vicente,El Salvador,13.595,-88.837,2182.0
1403-02=,Santa Ana,El Salvador,13.853,-89.63,2381.0
1403-002,"Singuil, Cerro",El Salvador,14.054,-89.631,926.0
1403-072,Taburete,El Salvador,13.435,-88.532,1172.0
1403-08=,Tecapa,El Salvador,13.494,-88.502,1593.0
1403-082,"Tigre, El",El Salvador,13.47,-88.43,1640.0
1403-081,Usulutan,El Salvador,13.419,-88.471,1449.0
1402-08=,Acatenango,Guatemala,14.501,-90.876,3976.0
1402-10=,Agua,Guatemala,14.465,-90.743,3760.0
1402-04=,Almolonga,Guatemala,14.797,-91.519,3173.0
1402-06=,Atitlan,Guatemala,14.583,-91.186,3535.0
1402-15-,Chingo,Guatemala,14.12,-89.73,1775.0
1402-20-,Chiquimula Volcanic Field,Guatemala,14.83,-89.55,1192.0
1402-111,Cuilapa-Barbarena,Guatemala,14.33,-90.4,1454.0
1402-14-,Flores,Guatemala,14.308,-89.992,1600.0
1402-09=,Fuego,Guatemala,14.473,-90.88,3763.0
1402-19-,Ipala,Guatemala,14.55,-89.63,1650.0
1402-18-,Ixtepeque,Guatemala,14.42,-89.68,1292.0
1402-121,Jumaytepeque,Guatemala,14.34,-90.271,1802.0
1402-13-,Moyuta,Guatemala,14.03,-90.1,1662.0
1402-11=,Pacaya,Guatemala,14.382,-90.601,2569.0
1402-21-,Quezaltepeque,Guatemala,14.57,-89.45,1200.0
1402-03=,Santa Maria,Guatemala,14.757,-91.552,3745.0
1402-16-,"Santiago, Cerro",Guatemala,14.33,-89.87,1192.0
1402-17-,Suchitan,Guatemala,14.4,-89.78,2042.0
1402-141,Tahual,Guatemala,14.43,-89.9,1716.0
1402-02=,Tajumulco,Guatemala,15.043,-91.903,4203.0
1402-12=,Tecuamburro,Guatemala,14.156,-90.407,1845.0
1402-07=,Toliman,Guatemala,14.612,-91.189,3158.0
1403-13-,"Tigre, Isla El",Honduras,13.272,-87.641,783.0
1403-16-,Utila Island,Honduras,16.1,-86.9,74.0
1403-15-,"Yojoa, Lago",Honduras,14.964,-87.983,1060.0
1403-14-,"Zacate Grande, Isla",Honduras,13.33,-87.63,640.0
1401-094,"Atlixcos, Los",Mexico,19.809,-96.526,800.0
1401-03=,Ceboruco,Mexico,21.125,-104.508,2280.0
1401-08=,Chichinautzin,Mexico,19.08,-99.13,3930.0
1401-12=,"Chichon, El",Mexico,17.36,-93.228,1150.0
1401-096,Cofre de Perote,Mexico,19.492,-97.15,4282.0
1401-04=,Colima,Mexico,19.514,-103.62,3850.0
1401-012,Comondu-La Purisima,Mexico,26.0,-111.92,780.0
1401-005,Coronado,Mexico,29.08,-113.513,440.0
1401-098,"Cumbres,  Las",Mexico,19.15,-97.27,3940.0
1401-022,Durango Volcanic Field,Mexico,24.15,-104.45,2075.0
1401-097,"Gloria, La",Mexico,19.33,-97.25,3500.0
1401-006,Guadalupe,Mexico,29.07,-118.28,1100.0
1401-093,"Humeros, Los",Mexico,19.68,-97.45,3150.0
1401-023,"Isabel, Isla",Mexico,21.848,-105.886,95.0
1401-082,Iztaccihuatl,Mexico,19.179,-98.642,5230.0
1401-004,Jaraguay Volcanic Field,Mexico,29.33,-114.5,960.0
1401-062,Jocotitlan,Mexico,19.73,-99.758,3900.0
1401-091,"Malinche, La",Mexico,19.231,-98.032,4461.0
1401-031,Mascota Volcanic Field,Mexico,20.62,-104.83,2560.0
1401-06=,Michoacan-Guanajuato,Mexico,19.85,-101.75,3860.0
1401-095,Naolinco Volcanic Field,Mexico,19.67,-96.75,2000.0
1401-10=,"Orizaba, Pico de",Mexico,19.03,-97.27,5564.0
1401-081,Papayo,Mexico,19.308,-98.7,3600.0
1401-05=,Paricutin Volcanic Field,Mexico,19.48,-102.25,3860.0
1401-001,Pinacate,Mexico,31.772,-113.498,1200.0
1401-09=,Popocatepetl,Mexico,19.023,-98.622,5393.0
1401-00-,"Prieto, Cerro",Mexico,32.418,-115.305,223.0
1401-007,San Borja Volcanic Field,Mexico,28.5,-113.75,1360.0
1401-003,"San Luis, Isla",Mexico,29.97,-114.4,180.0
1401-11=,San Martin,Mexico,18.57,-95.2,1650.0
1401-002,San Quintin Volcanic Field,Mexico,30.468,-115.996,260.0
1401-024,Sanganguey,Mexico,21.45,-104.73,2340.0
1401-092,Serdan-Oriental,Mexico,19.27,-97.47,3485.0
1401-13=,Tacana,Mexico,15.132,-92.109,4064.0
1401-07-,"Toluca, Nevado de",Mexico,19.108,-99.758,4680.0
1401-011,"Tortuga, Isla",Mexico,27.438,-111.881,224.0
1401-01=,Tres Virgenes,Mexico,27.47,-112.591,1934.0
1401-008,Unnamed,Mexico,28.0,-115.0,0.0
1401-061,Zitacuaro-Valle de Bravo,Mexico,19.4,-100.25,3500.0
1401-02=,Barcena,Mexico,19.3,-110.82,332.0
1401-021,Socorro,Mexico,18.78,-110.95,1050.0
1404-091,Apoyeque,Nicaragua,12.242,-86.342,518.0
1404-14-,"Azul, Volcan",Nicaragua,12.53,-83.87,201.0
1404-132,"Ciguatepe, Cerro El",Nicaragua,12.53,-86.142,603.0
1404-12=,Concepcion,Nicaragua,11.538,-85.622,1700.0
1404-01=,Cosiguina,Nicaragua,12.98,-87.57,872.0
1404-131,Esteli,Nicaragua,13.17,-86.4,899.0
1404-101,Granada,Nicaragua,11.92,-85.98,300.0
1404-133,"Lajas, Las",Nicaragua,12.3,-85.73,926.0
1404-13-,Maderas,Nicaragua,11.446,-85.515,1394.0
1404-10=,Masaya,Nicaragua,11.985,-86.165,594.0
1404-11=,Mombacho,Nicaragua,11.826,-85.968,1344.0
1404-09=,Momotombo,Nicaragua,12.423,-86.539,1270.0
1404-07=,"Negro, Cerro",Nicaragua,12.506,-86.702,728.0
1404-092,Nejapa-Miraflores,Nicaragua,12.12,-86.32,360.0
1404-08=,"Pilas, Las",Nicaragua,12.495,-86.688,1088.0
1404-06-,Rota,Nicaragua,12.55,-86.75,832.0
1404-02=,San Cristobal,Nicaragua,12.702,-87.004,1745.0
1404-04=,Telica,Nicaragua,12.606,-86.84,1036.0
1404-111,Zapatera,Nicaragua,11.73,-85.82,629.0
1406-01-,Baru,Panama,8.808,-82.543,3474.0
1406-03-,"Valle, El",Panama,8.58,-80.17,1185.0
0104-06-,Aragats,Armenia,40.53,44.2,4095.0
0104-07-,Ghegam Volcanic Ridge,Armenia,40.283,45.0,3597.0
0104-09-,Porak,Armenia,40.028,45.74,3029.0
0104-10-,Tskhouk-Karckar,Armenia,39.742,45.992,3139.0
0104-08-,Vaiyots-Sar,Armenia,39.797,45.497,2575.0
0100-02-,Chaine des Puys,France,45.775,2.97,1464.0
0104-03-,Kabargin Oth Group,Georgia,42.55,44.0,3650.0
0104-02-,Kazbek,Georgia,42.7,44.5,5050.0
0104-05-,Samsari Volcanic Center,Georgia,41.542,43.7,3290.0
0104-04-,Unnamed,Georgia,42.45,44.25,3750.0
0100-01-,West Eifel Volcanic Field,Germany,50.17,6.85,600.0
0102-02=,Methana,Greece,37.615,23.336,760.0
0102-03=,Milos,Greece,36.699,24.439,751.0
0102-05=,Nisyros,Greece,36.586,27.16,698.0
0102-04=,Santorini,Greece,36.404,25.396,367.0
0102-051,Yali,Greece,36.671,27.14,180.0
0101-01=,Campi Flegrei,Italy,40.827,14.139,458.0
0101-07=,Campi Flegrei del Mar di Sicilia,Italy,37.1,12.7,-8.0
0101-004,Colli Albani,Italy,41.73,12.7,949.0
0101-06=,Etna,Italy,37.748,14.999,3320.0
0101-03=,Ischia,Italy,40.73,13.897,789.0
0101-001,Larderello,Italy,43.25,10.87,500.0
0101-042,Lipari,Italy,38.49,14.933,590.0
0101-031,Palinuro,Italy,39.48,14.83,-70.0
0101-041,Panarea,Italy,38.638,15.064,399.0
0101-071,Pantelleria,Italy,36.77,12.02,836.0
0101-04=,Stromboli,Italy,38.789,15.213,924.0
0101-02=,Vesuvius,Italy,40.821,14.426,1281.0
0101-05=,Vulcano,Italy,38.404,14.962,500.0
0101-003,Vulsini,Italy,42.6,11.93,800.0
0104-01-,Elbrus,Russia,43.351,42.442,5642.0
0100-04-,Calatrava Volcanic Field,Spain,38.87,-4.02,1117.0
0100-03-,Olot Volcanic Field,Spain,42.17,2.53,893.0
0103-004,Acigol-Nevsehir,Turkey,38.537,34.621,1683.0
0103-04-,Ararat,Turkey,39.7,44.3,5165.0
0103-01=,Erciyes Dagi,Turkey,38.531,35.447,3864.0
0103-022,Girekol,Turkey,39.17,43.33,0.0
0103-003,Gollu Dag,Turkey,38.25,34.57,2143.0
0103-002,Hasan Dagi,Turkey,38.13,34.17,3253.0
0103-011,Karaca Dag,Turkey,37.67,39.83,1957.0
0103-001,Karapinar Field,Turkey,37.667,33.6,1302.0
0103-05-,Kars Plateau,Turkey,40.75,42.9,3000.0
0103-00-,Kula,Turkey,38.58,28.52,750.0
0103-02=,Nemrut Dagi,Turkey,38.654,42.229,2948.0
0103-021,Suphan Dagi,Turkey,38.92,42.82,4434.0
0103-03=,Tenduruk Dagi,Turkey,39.356,43.874,3514.0
0900-39=,Alaid,Russia,50.861,155.565,2285.0
0900-04=,Berutarubesan [Berutarube],Russia,44.462,146.932,1221.0
0900-03=,Chachadake [Tiatia],Russia,44.353,146.252,1822.0
0900-36=,Chikurachki,Russia,50.324,155.461,1781.0
0900-26=,Chirinkotan,Russia,48.98,153.48,724.0
0900-09=,Chirippusan [Chirip],Russia,45.338,147.92,1587.0
0900-15=,Chirpoi,Russia,46.532,150.871,742.0
0900-38=,Ebeko,Russia,50.686,156.014,1103.0
0900-27=,Ekarma,Russia,48.958,153.93,1170.0
0900-05=,Etorofu-Atosanupuri [Atosanupuri],Russia,44.808,147.131,1206.0
0900-07=,Etorofu-Yakeyama [Grozny Group],Russia,45.012,147.871,1158.0
0900-34=,Fuss Peak,Russia,50.267,155.246,1742.0
0900-17=,Goriaschaia Sopka,Russia,46.83,151.75,891.0
0900-111,Ivao Group,Russia,45.77,149.68,1426.0
0900-35=,Karpinsky Group,Russia,50.148,155.373,1326.0
0900-20=,Ketoi,Russia,47.35,152.475,1172.0
0900-30=,Kharimkotan,Russia,49.12,154.508,1145.0
0900-12=,Kolokol Group,Russia,46.042,150.083,1328.0
0900-351,Lomonosov Group,Russia,50.25,155.43,1681.0
0900-161,Milna,Russia,46.815,151.786,1504.0
0900-041,Moekeshiwan [Lvinaya Past],Russia,44.608,146.994,528.0
0900-10=,Moyorodake [Medvezhia],Russia,45.389,148.838,1124.0
0900-32=,Nemo Peak,Russia,49.57,154.808,1018.0
0900-06-,Nishihitokappuyama [Bogatyr Ridge],Russia,44.833,147.342,1634.0
0900-19=,Prevo Peak,Russia,47.02,152.12,1360.0
0900-25=,Raikoke,Russia,48.292,153.25,551.0
0900-11-,Rakkibetsudake [Demon],Russia,45.5,148.85,1205.0
0900-22=,Rasshua,Russia,47.77,153.02,956.0
0900-02=,Raususan [Mendeleev],Russia,43.979,145.733,882.0
0900-091,Rucharuyama [Golets-Tornyi Group],Russia,45.25,148.35,442.0
0900-112,Rudakov,Russia,45.874,149.819,532.0
0900-021,Ruruidake [Smirnov],Russia,44.454,146.139,1486.0
0900-24=,Sarychev Peak,Russia,48.092,153.2,1496.0
0900-08=,Sashiusudake [Baransky],Russia,45.1,148.019,1125.0
0900-331,Shirinki,Russia,50.2,154.98,761.0
0900-29=,Sinarka,Russia,48.873,154.182,911.0
0900-211,Srednii,Russia,47.6,152.92,36.0
0900-31=,Tao-Rusyr Caldera,Russia,49.35,154.7,1325.0
0900-01=,Tomariyama [Golovnin],Russia,43.844,145.504,535.0
0900-113,Tri Sestry,Russia,45.93,149.92,998.0
0900-16-,Unnamed,Russia,46.47,151.28,-502.0
0900-13-,Unnamed,Russia,46.1,150.5,-100.0
0900-061,Unnamed,Russia,45.022,147.019,-195.0
0900-23=,Unnamed,Russia,48.08,153.33,-150.0
0900-191,Uratman,Russia,47.12,152.25,678.0
0900-21=,Ushishur,Russia,47.52,152.8,401.0
0900-37-,Vernadskii Ridge,Russia,50.55,155.97,1183.0
0900-18=,Zavaritzki Caldera,Russia,46.925,151.95,624.0
0500-01=,St. Andrew Strait,Papua New Guinea,-2.38,147.35,270.0
0500-02-,Baluan,United States,-2.57,147.28,254.0
0500-03-,Central Bismarck Sea,United States,-3.03,147.78,-1300.0
0509-01-,Newer Volcanics Province,Australia,-37.77,142.5,1011.0
0505-02=,Bagana,Papua New Guinea,-6.137,155.196,1855.0
0505-01=,Balbi,Papua New Guinea,-5.92,154.98,2715.0
0505-011,Billy Mitchell,Papua New Guinea,-6.092,155.225,1544.0
0505-03=,Loloru,Papua New Guinea,-6.52,155.62,1887.0
0505-021,Takuan Group,Papua New Guinea,-6.442,155.608,2210.0
0505-00-,Tore,Papua New Guinea,-5.835,154.935,2175.0
0503-06=,Dawson Strait Group,Papua New Guinea,-9.62,150.88,500.0
0503-041,Goodenough,Papua New Guinea,-9.358,150.246,220.0
0503-05=,Iamalele,Papua New Guinea,-9.52,150.53,200.0
0502-11=,Bamus,Papua New Guinea,-5.2,151.23,2248.0
0502-05=,Bola,Papua New Guinea,-5.141,150.038,1116.0
0502-04=,Dakataua,Papua New Guinea,-5.094,150.094,408.0
0502-03=,Garove,Papua New Guinea,-4.687,149.511,368.0
0502-06=,Garua Harbour,Papua New Guinea,-5.3,150.07,565.0
0502-10=,Hargy,Papua New Guinea,-5.33,151.1,1148.0
0502-07=,Krummel-Garbuna-Welcker,Papua New Guinea,-5.416,150.027,564.0
0502-01=,Langila,Papua New Guinea,-5.525,148.42,1330.0
0502-071,Lolo,Papua New Guinea,-5.466,150.509,796.0
0502-13=,Lolobau,Papua New Guinea,-4.92,151.158,858.0
0502-021,Mundua,Papua New Guinea,-4.624,149.339,171.0
0502-14=,Rabaul,Papua New Guinea,-4.271,152.203,688.0
0502-09=,Sulu Range,Papua New Guinea,-5.5,150.942,610.0
0502-15-,Tavui,Papua New Guinea,-4.12,152.2,200.0
0502-12=,Ulawun,Papua New Guinea,-5.05,151.33,2334.0
0502-131,Unnamed,Papua New Guinea,-4.75,150.85,0.0
0502-001,Unnamed,Papua New Guinea,-5.2,148.57,0.0
0502-08=,Witori,Papua New Guinea,-5.576,150.516,724.0
0503-001,Crater Mountain,Papua New Guinea,-6.58,145.08,3233.0
0503-00-,Doma Peaks,Papua New Guinea,-5.9,143.15,3568.0
0503-011,Hydrographers Range,Papua New Guinea,-9.0,148.37,1915.0
0503-003,Koranga,Papua New Guinea,-7.33,146.708,1500.0
0503-01=,Lamington,Papua New Guinea,-8.95,148.15,1680.0
0503-004,Madilogo,Papua New Guinea,-9.2,147.57,850.0
0503-021,Managlase Plateau,Papua New Guinea,-9.08,148.33,1342.0
0503-02=,Musa River,Papua New Guinea,-9.308,148.13,808.0
0503-031,Sessagara,Papua New Guinea,-9.48,149.13,370.0
0503-03=,Victory,Papua New Guinea,-9.2,149.07,1925.0
0503-04=,Waiowa,Papua New Guinea,-9.57,149.075,640.0
0503-002,Yelia,Papua New Guinea,-7.05,145.858,3384.0
0501-01=,Bam,Papua New Guinea,-3.613,144.818,685.0
0501-001,Blup Blup,Papua New Guinea,-3.507,144.605,402.0
0501-011,Boisa,Papua New Guinea,-3.994,144.963,240.0
0501-041,Hankow Reef,Papua New Guinea,-4.883,146.717,-5.0
0501-002,Kadovar,Papua New Guinea,-3.608,144.588,365.0
0501-03=,Karkar,Papua New Guinea,-4.649,145.964,1839.0
0501-05=,Long Island,Papua New Guinea,-5.358,147.12,1280.0
0501-02=,Manam,Papua New Guinea,-4.08,145.037,1807.0
0501-07=,Ritter Island,Papua New Guinea,-5.519,148.115,75.0
0501-08=,Sakar,Papua New Guinea,-5.414,148.094,992.0
0501-06=,Umboi,Papua New Guinea,-5.589,147.875,1548.0
0501-04=,Unnamed,Papua New Guinea,-4.311,146.256,-2000.0
0504-02=,Ambitle,Papua New Guinea,-4.08,153.65,450.0
0504-01=,Lihir,Papua New Guinea,-3.125,152.642,700.0
0506-01=,Tinakula,Solomon Is.,-10.386,165.804,796.0
0505-053,Coleman Seamount,Solomon Is.,-8.841,157.16,-717.0
0505-062,Gallego,Solomon Is.,-9.35,159.73,1000.0
0505-052,Kana Keoki,Solomon Is.,-8.75,157.03,-700.0
0505-06=,Kavachi,Solomon Is.,-8.991,157.979,-20.0
0505-07=,Savo,Solomon Is.,-9.13,159.82,485.0
0505-05=,Simbo,Solomon Is.,-8.292,156.52,335.0
0505-061,Unnamed,Solomon Is.,-8.92,158.03,-240.0
0508-001,Eastern Gemini Seamount,Pacific Ocean,-20.98,170.28,-80.0
0508-02=,Hunter Island,Pacific Ocean,-22.4,172.05,297.0
0508-01=,Matthew Island,Pacific Ocean,-22.33,171.32,177.0
0508-03-,Unnamed,Pacific Ocean,-25.78,168.63,-2400.0
0507-03=,Ambae,Vanuatu,-15.389,167.835,1496.0
0507-04=,Ambrym,Vanuatu,-16.25,168.12,1334.0
0507-11-,Aneityum,Vanuatu,-20.2,169.78,852.0
0507-06=,Epi,Vanuatu,-16.68,168.37,833.0
0507-02=,Gaua,Vanuatu,-14.27,167.5,797.0
0507-07=,Kuwae,Vanuatu,-16.829,168.536,-2.0
0507-05=,Lopevi,Vanuatu,-16.507,168.346,1413.0
0507-021,Mere Lava,Vanuatu,-14.45,168.05,1028.0
0507-001,Motlav,Vanuatu,-13.67,167.67,411.0
0507-08-,NE Shepherd Islands,Vanuatu,-16.992,168.592,216.0
0507-081,North Vate,Vanuatu,-17.47,168.353,594.0
0507-01=,Suretamatai,Vanuatu,-13.8,167.47,921.0
0507-09=,Traitor's Head,Vanuatu,-18.754,169.238,817.0
0507-10=,Yasur,Vanuatu,-19.532,169.447,361.0
